参数名,参数英文名,类型,参数类型,接口名,接口类型,数据样例
-,,-,输出参数,macro_china_nbs_nation,中国宏观数据,
-,,-,输出参数,macro_china_nbs_region,中国宏观数据,
...,,-,输出参数,macro_euro_lme_holding,其他宏观数据,...
...,,...,输出参数,macro_euro_lme_stock,其他宏观数据,...
...,,...,输出参数,macro_usa_cftc_nc_holding,美国宏观数据,...
...,,...,输出参数,macro_usa_cftc_c_holding,美国宏观数据,...
...,,...,输出参数,macro_usa_cftc_merchant_currency_holding,美国宏观数据,...
...,,...,输出参数,macro_usa_cftc_merchant_goods_holding,美国宏观数据,...
100日元/人民币_中间价,_,float64,输出参数,macro_china_rmb,中国宏观数据,
100日元/人民币_涨跌幅,_,float64,输出参数,macro_china_rmb,中国宏观数据,
10Y,Y,float64,输出参数,macro_china_swap_rate,中国宏观数据,2.5000
1M,M,float64,输出参数,macro_china_swap_rate,中国宏观数据,
1M-定价,M,float64,输出参数,macro_china_shibor_all,其他宏观数据,
1M-定价,M,float64,输出参数,macro_china_hk_market_info,其他宏观数据,
1M-涨跌幅,M,float64,输出参数,macro_china_shibor_all,其他宏观数据,
1M-涨跌幅,M,float64,输出参数,macro_china_hk_market_info,其他宏观数据,
1W-定价,W,float64,输出参数,macro_china_shibor_all,其他宏观数据,2.3340
1W-定价,W,float64,输出参数,macro_china_hk_market_info,其他宏观数据,3.9428
1W-涨跌幅,W,float64,输出参数,macro_china_shibor_all,其他宏观数据,
1W-涨跌幅,W,float64,输出参数,macro_china_hk_market_info,其他宏观数据,NaN
1Y,Y,float64,输出参数,macro_china_swap_rate,中国宏观数据,
1Y-定价,Y,float64,输出参数,macro_china_shibor_all,其他宏观数据,4.5000
1Y-定价,Y,float64,输出参数,macro_china_hk_market_info,其他宏观数据,
1Y-涨跌幅,Y,float,输出参数,macro_china_shibor_all,其他宏观数据,NaN
1Y-涨跌幅,Y,float64,输出参数,macro_china_hk_market_info,其他宏观数据,
2M-定价,M,float64,输出参数,macro_china_shibor_all,其他宏观数据,
2M-定价,M,float64,输出参数,macro_china_hk_market_info,其他宏观数据,4.5915
2M-涨跌幅,M,float64,输出参数,macro_china_shibor_all,其他宏观数据,
2M-涨跌幅,M,float64,输出参数,macro_china_hk_market_info,其他宏观数据,NaN
2W-定价,W,float64,输出参数,macro_china_shibor_all,其他宏观数据,
2W-定价,W,float64,输出参数,macro_china_hk_market_info,其他宏观数据,4.2417
2W-涨跌幅,W,float64,输出参数,macro_china_shibor_all,其他宏观数据,
2W-涨跌幅,W,float64,输出参数,macro_china_hk_market_info,其他宏观数据,
2Y,Y,float64,输出参数,macro_china_swap_rate,中国宏观数据,
3M,M,float64,输出参数,macro_china_swap_rate,中国宏观数据,
3M-定价,M,float64,输出参数,macro_china_shibor_all,其他宏观数据,
3M-定价,M,float64,输出参数,macro_china_hk_market_info,其他宏观数据,
3M-涨跌幅,M,float64,输出参数,macro_china_shibor_all,其他宏观数据,
3M-涨跌幅,M,float64,输出参数,macro_china_hk_market_info,其他宏观数据,
3Y,Y,float64,输出参数,macro_china_swap_rate,中国宏观数据,
4Y,Y,float64,输出参数,macro_china_swap_rate,中国宏观数据,2.1375
5Y,Y,float64,输出参数,macro_china_swap_rate,中国宏观数据,2.1652
6M,M,float64,输出参数,macro_china_swap_rate,中国宏观数据,
6M-定价,M,float64,输出参数,macro_china_shibor_all,其他宏观数据,
6M-定价,M,float64,输出参数,macro_china_hk_market_info,其他宏观数据,
6M-涨跌幅,M,float64,输出参数,macro_china_shibor_all,其他宏观数据,
6M-涨跌幅,M,float64,输出参数,macro_china_hk_market_info,其他宏观数据,
7Y,Y,float64,输出参数,macro_china_swap_rate,中国宏观数据,2.5000
9M,M,float64,输出参数,macro_china_swap_rate,中国宏观数据,
9M-定价,M,float64,输出参数,macro_china_shibor_all,其他宏观数据,4.3960
9M-定价,M,float64,输出参数,macro_china_hk_market_info,其他宏观数据,
9M-涨跌幅,M,float64,输出参数,macro_china_shibor_all,其他宏观数据,NaN
9M-涨跌幅,M,float64,输出参数,macro_china_hk_market_info,其他宏观数据,
A股最低综合股价指数-上海,A,float64,输出参数,macro_china_stock_market_cap,其他宏观数据,2896.7572
A股最低综合股价指数-深圳,A,float64,输出参数,macro_china_stock_market_cap,其他宏观数据,2032.0920
A股最高综合股价指数-上海,A,float64,输出参数,macro_china_stock_market_cap,其他宏观数据,
A股最高综合股价指数-深圳,A,float64,输出参数,macro_china_stock_market_cap,其他宏观数据,
HRCI国际集装箱租船指数,HRCI,float64,输出参数,macro_china_freight_index,中国宏观数据,
LPR1Y,LPR1Y,float64,输出参数,macro_china_lpr,中国宏观数据,NaN
LPR5Y,LPR5Y,float64,输出参数,macro_china_lpr,中国宏观数据,NaN
O/N-定价,O,float64,输出参数,macro_china_shibor_all,其他宏观数据,1.4430
O/N-定价,O,float64,输出参数,macro_china_hk_market_info,其他宏观数据,
O/N-涨跌幅,O,float64,输出参数,macro_china_shibor_all,其他宏观数据,NaN
O/N-涨跌幅,O,float64,输出参数,macro_china_hk_market_info,其他宏观数据,
ON-定价,ON,float64,输出参数,macro_china_shibor_all,其他宏观数据,
ON-定价,ON,float64,输出参数,macro_china_hk_market_info,其他宏观数据,2.0283
ON-涨跌幅,ON,float64,输出参数,macro_china_shibor_all,其他宏观数据,
ON-涨跌幅,ON,float64,输出参数,macro_china_hk_market_info,其他宏观数据,NaN
RATE_1,RATE_1,float64,输出参数,macro_china_lpr,中国宏观数据,8.64
RATE_2,RATE_2,float64,输出参数,macro_china_lpr,中国宏观数据,9.72
TRADE_DATE,TRADE_DATE,object,输出参数,macro_china_lpr,中国宏观数据,1991-04-21
city_first,city_first,str,输入参数,macro_china_new_house_price,中国宏观数据,"""北京"""
city_second,city_second,str,输入参数,macro_china_new_house_price,中国宏观数据,"""上海"""
date,date,str,输入参数,macro_info_ws,其他宏观数据,"""20240514"""
date,date,str,输入参数,news_economic_baidu,其他宏观数据,"""20241107"""
date,date,object,输出参数,macro_china_urban_unemployment,中国宏观数据,201812
end_date,end_date,str,输入参数,macro_china_swap_rate,中国宏观数据,"""20240531"""
indicator,indicator,"Union[str, None]",输入参数,macro_china_nbs_region,中国宏观数据,None
item,item,object,输出参数,macro_china_urban_unemployment,中国宏观数据,全国城镇16—24岁劳动力失业率
kind,kind,str,输入参数,macro_china_nbs_nation,中国宏观数据,"""年度数据"""
kind,kind,str,输入参数,macro_china_nbs_region,中国宏观数据,"""分省季度数据"""
path,path,str,输入参数,macro_china_nbs_nation,中国宏观数据,"""人口 > 总人口"""
path,path,str,输入参数,macro_china_nbs_region,中国宏观数据,"""国民经济核算 > 地区生产总值"""
period,period,str,输入参数,macro_china_nbs_nation,中国宏观数据,"""LAST5"""
period,period,str,输入参数,macro_china_nbs_region,中国宏观数据,"""last3"""
region,region,"Union[str, None]",输入参数,macro_china_nbs_region,中国宏观数据,"""河北省"""
start_date,start_date,str,输入参数,macro_china_swap_rate,中国宏观数据,"""20240501"""
value,value,float64,输出参数,macro_china_urban_unemployment,中国宏观数据,10.1
业务及管理费,,float64,输出参数,macro_china_insurance,中国宏观数据,
中央政府,,float64,输出参数,macro_cnbs,中国宏观数据,4.4
中小金融机构-调整前,,float64,输出参数,macro_china_reserve_requirement_ratio,中国宏观数据,
中小金融机构-调整后,,float64,输出参数,macro_china_reserve_requirement_ratio,中国宏观数据,
中小金融机构-调整幅度,,float64,输出参数,macro_china_reserve_requirement_ratio,中国宏观数据,
乡村住宅电话用户,,float,输出参数,macro_china_postal_telecommunicational,中国宏观数据,NaN
乡村住宅电话用户同比增长,,float,输出参数,macro_china_postal_telecommunicational,中国宏观数据,NaN
乡村居民用电量,,float64,输出参数,macro_china_society_electricity,中国宏观数据,8806708.0
乡村居民用电量同比,,float64,输出参数,macro_china_society_electricity,中国宏观数据,5.79
乡村电话用户数,,float,输出参数,macro_china_postal_telecommunicational,中国宏观数据,
乡村电话用户数同比增长,,float,输出参数,macro_china_postal_telecommunicational,中国宏观数据,
事件,,object,输出参数,macro_info_ws,其他宏观数据,
事件,,object,输出参数,news_economic_baidu,其他宏观数据,
二手住宅价格指数-同比,,float64,输出参数,macro_china_new_house_price,中国宏观数据,101.7
二手住宅价格指数-定基,,float64,输出参数,macro_china_new_house_price,中国宏观数据,100.6
二手住宅价格指数-环比,,float64,输出参数,macro_china_new_house_price,中国宏观数据,100.5
交收方向,,object,输出参数,macro_china_au_report,其他宏观数据,NaN
交收量,,float64,输出参数,macro_china_au_report,其他宏观数据,
人民币/丹麦克朗_中间价,_,float64,输出参数,macro_china_rmb,中国宏观数据,
人民币/丹麦克朗_中间价,_,float64,输出参数,macro_china_rmb,中国宏观数据,
人民币/丹麦克朗_涨跌幅,_,float64,输出参数,macro_china_rmb,中国宏观数据,
人民币/丹麦克朗_涨跌幅,_,float64,输出参数,macro_china_rmb,中国宏观数据,
人民币/俄罗斯卢布_中间价,_,float64,输出参数,macro_china_rmb,中国宏观数据,
人民币/俄罗斯卢布_涨跌幅,_,float64,输出参数,macro_china_rmb,中国宏观数据,
人民币/匈牙利福林_中间价,_,float64,输出参数,macro_china_rmb,中国宏观数据,
人民币/匈牙利福林_涨跌幅,_,float64,输出参数,macro_china_rmb,中国宏观数据,
人民币/南非兰特_中间价,_,float64,输出参数,macro_china_rmb,中国宏观数据,
人民币/南非兰特_涨跌幅,_,float64,输出参数,macro_china_rmb,中国宏观数据,
人民币/土耳其里拉_中间价,_,float64,输出参数,macro_china_rmb,中国宏观数据,
人民币/土耳其里拉_涨跌幅,_,float64,输出参数,macro_china_rmb,中国宏观数据,
人民币/墨西哥比索_中间价,_,float64,输出参数,macro_china_rmb,中国宏观数据,
人民币/墨西哥比索_涨跌幅,_,float64,输出参数,macro_china_rmb,中国宏观数据,0.0
人民币/挪威克朗_中间价,_,float64,输出参数,macro_china_rmb,中国宏观数据,
人民币/挪威克朗_涨跌幅,_,float64,输出参数,macro_china_rmb,中国宏观数据,
人民币/沙特里亚尔_中间价,_,float64,输出参数,macro_china_rmb,中国宏观数据,
人民币/沙特里亚尔_涨跌幅,_,float64,输出参数,macro_china_rmb,中国宏观数据,
人民币/波兰兹罗提_中间价,_,float64,输出参数,macro_china_rmb,中国宏观数据,
人民币/波兰兹罗提_涨跌幅,_,float64,输出参数,macro_china_rmb,中国宏观数据,
人民币/泰铢_中间价,_,float64,输出参数,macro_china_rmb,中国宏观数据,
人民币/泰铢_涨跌幅,_,float64,输出参数,macro_china_rmb,中国宏观数据,0.0
人民币/瑞典克朗_中间价,_,float64,输出参数,macro_china_rmb,中国宏观数据,
人民币/瑞典克朗_涨跌幅,_,float64,输出参数,macro_china_rmb,中国宏观数据,
人民币/阿联酋迪拉姆_中间价,_,float64,输出参数,macro_china_rmb,中国宏观数据,
人民币/阿联酋迪拉姆_涨跌幅,_,float64,输出参数,macro_china_rmb,中国宏观数据,
人民币/韩元_中间价,_,float64,输出参数,macro_china_rmb,中国宏观数据,
人民币/韩元_涨跌幅,_,float64,输出参数,macro_china_rmb,中国宏观数据,
人民币/马来西亚林吉特_中间价,_,float64,输出参数,macro_china_rmb,中国宏观数据,
人民币/马来西亚林吉特_涨跌幅,_,float64,输出参数,macro_china_rmb,中国宏观数据,
人身险-健康险保费收入,,float64,输出参数,macro_china_insurance,中国宏观数据,
人身险-健康险赔付支出,,float64,输出参数,macro_china_insurance,中国宏观数据,
人身险-寿险保费收入,,float64,输出参数,macro_china_insurance,中国宏观数据,
人身险-寿险赔付支出,,float64,输出参数,macro_china_insurance,中国宏观数据,
人身险-意外险保费收入,,float64,输出参数,macro_china_insurance,中国宏观数据,
人身险-意外险赔付支出,,float64,输出参数,macro_china_insurance,中国宏观数据,
人身险保费收入,,float64,输出参数,macro_china_insurance,中国宏观数据,
人身险保费赔付支出,,float64,输出参数,macro_china_insurance,中国宏观数据,
今值,,float64,输出参数,macro_china_gdp_yearly,中国宏观数据,9.8
今值,,float64,输出参数,macro_china_cpi_yearly,中国宏观数据,7.1
今值,,float64,输出参数,macro_china_cpi_monthly,中国宏观数据,2.1
今值,,float64,输出参数,macro_china_ppi_yearly,中国宏观数据,13.5
今值,,float64,输出参数,macro_china_exports_yoy,中国宏观数据,8.7
今值,,float64,输出参数,macro_china_imports_yoy,中国宏观数据,55.8
今值,,float64,输出参数,macro_china_trade_balance,中国宏观数据,-2.2
今值,,float64,输出参数,macro_china_industrial_production_yoy,中国宏观数据,5.0
今值,,float64,输出参数,macro_china_pmi_yearly,中国宏观数据,54.7
今值,,float64,输出参数,macro_china_cx_pmi_yearly,中国宏观数据,48.8
今值,,float64,输出参数,macro_china_cx_services_pmi_yearly,中国宏观数据,53.3
今值,,float64,输出参数,macro_china_non_man_pmi,中国宏观数据,60.4
今值,,float64,输出参数,macro_china_fx_reserves_yearly,中国宏观数据,38200.0
今值,,float64,输出参数,macro_china_m2_yearly,中国宏观数据,17.4
今值,,float64,输出参数,macro_usa_gdp_monthly,美国宏观数据,0.6
今值,,float64,输出参数,macro_usa_cpi_monthly,美国宏观数据,0.5
今值,,float64,输出参数,macro_usa_core_cpi_monthly,美国宏观数据,0.5
今值,,float64,输出参数,macro_usa_personal_spending,美国宏观数据,0.4
今值,,float64,输出参数,macro_usa_retail_sales,美国宏观数据,0.1
今值,,float64,输出参数,macro_usa_import_price,美国宏观数据,2.0
今值,,float64,输出参数,macro_usa_export_price,美国宏观数据,1.2
今值,,float64,输出参数,macro_usa_lmci,其他宏观数据,2.5
今值,,float64,输出参数,macro_usa_unemployment_rate,美国宏观数据,3.5
今值,,float64,输出参数,macro_usa_job_cuts,美国宏观数据,10.8900
今值,,float64,输出参数,macro_usa_non_farm,美国宏观数据,15.3
今值,,float64,输出参数,macro_usa_adp_employment,美国宏观数据,-17.5
今值,,float64,输出参数,macro_usa_core_pce_price,美国宏观数据,4.8
今值,,float64,输出参数,macro_usa_real_consumer_spending,美国宏观数据,1.5
今值,,float64,输出参数,macro_usa_trade_balance,美国宏观数据,2.0
今值,,float64,输出参数,macro_usa_current_account,美国宏观数据,-1730
今值,,float64,输出参数,macro_usa_ppi,美国宏观数据,1.0
今值,,float64,输出参数,macro_usa_core_ppi,美国宏观数据,0.5
今值,,float64,输出参数,macro_usa_api_crude_stock,美国宏观数据,360.0
今值,,float64,输出参数,macro_usa_pmi,美国宏观数据,54.0
今值,,float64,输出参数,macro_usa_ism_pmi,美国宏观数据,52.0
今值,,float64,输出参数,macro_usa_industrial_production,美国宏观数据,-0.3
今值,,float64,输出参数,macro_usa_durable_goods_orders,美国宏观数据,-5.3
今值,,float64,输出参数,macro_usa_factory_orders,美国宏观数据,4.6
今值,,float64,输出参数,macro_usa_services_pmi,美国宏观数据,53.2
今值,,float64,输出参数,macro_usa_business_inventories,美国宏观数据,0.2
今值,,float64,输出参数,macro_usa_ism_non_pmi,美国宏观数据,56.7
今值,,float64,输出参数,macro_usa_nahb_house_market_index,美国宏观数据,50.0
今值,,float64,输出参数,macro_usa_house_starts,美国宏观数据,133.0
今值,,float64,输出参数,macro_usa_new_home_sales,美国宏观数据,45.2
今值,,float64,输出参数,macro_usa_building_permits,美国宏观数据,105.0
今值,,float64,输出参数,macro_usa_exist_home_sales,美国宏观数据,160.0
今值,,float64,输出参数,macro_usa_house_price_index,美国宏观数据,0.5
今值,,float64,输出参数,macro_usa_spcs20,美国宏观数据,12.4
今值,,float64,输出参数,macro_usa_pending_home_sales,美国宏观数据,5.1
今值,,float64,输出参数,macro_usa_cb_consumer_confidence,美国宏观数据,126.0
今值,,float64,输出参数,macro_usa_nfib_small_business,美国宏观数据,86.67
今值,,float64,输出参数,macro_usa_michigan_consumer_sentiment,美国宏观数据,78.1
今值,,float64,输出参数,macro_usa_eia_crude_rate,美国宏观数据,-263.0
今值,,float64,输出参数,macro_usa_initial_jobless,美国宏观数据,22.109
今值,,float64,输出参数,macro_euro_gdp_yoy,欧洲宏观数据,-0.4
今值,,float64,输出参数,macro_euro_cpi_mom,欧洲宏观数据,0.4
今值,,float64,输出参数,macro_euro_cpi_yoy,欧洲宏观数据,0.0
今值,,float64,输出参数,macro_euro_ppi_mom,欧洲宏观数据,1.0
今值,,float64,输出参数,macro_euro_retail_sales_mom,欧洲宏观数据,0.7
今值,,float64,输出参数,macro_euro_employment_change_qoq,欧洲宏观数据,0.2
今值,,float64,输出参数,macro_euro_unemployment_rate_mom,欧洲宏观数据,10.6
今值,,float64,输出参数,macro_euro_trade_balance,欧洲宏观数据,-27.0
今值,,float64,输出参数,macro_euro_current_account_mom,欧洲宏观数据,-150.0
今值,,float64,输出参数,macro_euro_industrial_production_mom,欧洲宏观数据,-1.1
今值,,float64,输出参数,macro_euro_manufacturing_pmi,欧洲宏观数据,52.3
今值,,float64,输出参数,macro_euro_services_pmi,欧洲宏观数据,52.3
今值,,float64,输出参数,macro_euro_zew_economic_sentiment,欧洲宏观数据,-41.4
今值,,float64,输出参数,macro_euro_sentix_investor_confidence,欧洲宏观数据,13.0
今值,,float64,输出参数,macro_info_ws,其他宏观数据,
价格,,float64,输出参数,macro_china_bond_public,中国宏观数据,
价格类型,,object,输出参数,macro_china_swap_rate,中国宏观数据,报卖
企业家信心指数-同比,,float64,输出参数,macro_china_enterprise_boom_index,中国宏观数据,NaN
企业家信心指数-指数,,float64,输出参数,macro_china_enterprise_boom_index,中国宏观数据,NaN
企业家信心指数-环比,,float64,输出参数,macro_china_enterprise_boom_index,中国宏观数据,NaN
企业景气指数-同比,,float64,输出参数,macro_china_enterprise_boom_index,中国宏观数据,1.80
企业景气指数-指数,,float64,输出参数,macro_china_enterprise_boom_index,中国宏观数据,101.80
企业景气指数-环比,,float64,输出参数,macro_china_enterprise_boom_index,中国宏观数据,
伊拉克,,float64,输出参数,macro_cons_opec_month,其他宏观数据,
伊朗,,float64,输出参数,macro_cons_opec_month,其他宏观数据,372.5
债券,,float64,输出参数,macro_china_central_bank_balance,中国宏观数据,
债券全称,,object,输出参数,macro_china_bond_public,中国宏观数据,江苏金融租赁股份有限公司2024年绿色金融债券(第一期)
债券期限,,object,输出参数,macro_china_bond_public,中国宏观数据,3年
债券类型,,object,输出参数,macro_china_bond_public,中国宏观数据,普通金融债
债券评级,,object,输出参数,macro_china_bond_public,中国宏观数据,AAA
储备货币,,float64,输出参数,macro_china_central_bank_balance,中国宏观数据,
储蓄存款出,,float64,输出参数,macro_china_supply_of_money,中国宏观数据,
储蓄存款同比增长,,float64,输出参数,macro_china_supply_of_money,中国宏观数据,None
全国-同比增长,,float64,输出参数,macro_china_cpi,中国宏观数据,2.1000
全国-当月,,float64,输出参数,macro_china_cpi,中国宏观数据,102.1000
全国-环比增长,,float64,输出参数,macro_china_cpi,中国宏观数据,
全国-累计,,float64,输出参数,macro_china_cpi,中国宏观数据,
全社会用电量,,float64,输出参数,macro_china_society_electricity,中国宏观数据,188912117.0
全社会用电量同比,,float64,输出参数,macro_china_society_electricity,中国宏观数据,15.29
公布,,float64,输出参数,news_economic_baidu,其他宏观数据,
公布时间,,object,输出参数,macro_china_reserve_requirement_ratio,中国宏观数据,2022年11月25日
公里旅客周转量同比增长,,float64,输出参数,macro_china_society_traffic_volume,中国宏观数据,
公里民航总周转,,float64,输出参数,macro_china_society_traffic_volume,中国宏观数据,74.9
公里货物周转量同比增长,,float64,输出参数,macro_china_society_traffic_volume,中国宏观数据,
其中-人民币贷款,,float64,输出参数,macro_china_shrzgm,贸易数据,14708
其中-企业债券,,float64,输出参数,macro_china_shrzgm,贸易数据,1868
其中-信托贷款,,float64,输出参数,macro_china_shrzgm,贸易数据,
其中-委托贷款,,float64,输出参数,macro_china_shrzgm,贸易数据,
其中-委托贷款外币贷款,,float64,输出参数,macro_china_shrzgm,贸易数据,
其中-未贴现银行承兑汇票,,float64,输出参数,macro_china_shrzgm,贸易数据,1946
其中-非金融企业境内股票融资,,float64,输出参数,macro_china_shrzgm,贸易数据,526.0
其中:中央政府,,float64,输出参数,macro_china_central_bank_balance,中国宏观数据,
其中:外贸货物吞吐量,,float64,输出参数,macro_china_society_traffic_volume,中国宏观数据,
其中:外贸货物吞吐量同比增长,,float64,输出参数,macro_china_society_traffic_volume,中国宏观数据,NaN
其他国外资产,,float64,输出参数,macro_china_central_bank_balance,中国宏观数据,
其他存款,,float64,输出参数,macro_china_supply_of_money,中国宏观数据,235344.24
其他存款同比增长,,float64,输出参数,macro_china_supply_of_money,中国宏观数据,None
其他存款性公司,,float64,输出参数,macro_china_central_bank_balance,中国宏观数据,
其他负债,,float64,输出参数,macro_china_central_bank_balance,中国宏观数据,6064.21
其他资产,,float64,输出参数,macro_china_central_bank_balance,中国宏观数据,
其他金融性公司,,float64,输出参数,macro_china_central_bank_balance,中国宏观数据,
养老保险公司企业年金受托管理资产,,float64,输出参数,macro_china_insurance,中国宏观数据,NaN
养老保险公司企业年金投资管理资产,,float64,输出参数,macro_china_insurance,中国宏观数据,NaN
养老保险公司企业年金缴费,,float64,输出参数,macro_china_insurance,中国宏观数据,
农产品-同比增长,,float64,输出参数,macro_china_qyspjg,中国宏观数据,
农产品-指数值,,float64,输出参数,macro_china_qyspjg,中国宏观数据,
农产品-环比增长,,float64,输出参数,macro_china_qyspjg,中国宏观数据,
农村-同比增长,,float64,输出参数,macro_china_cpi,中国宏观数据,2.5000
农村-当月,,float64,输出参数,macro_china_cpi,中国宏观数据,
农村-环比增长,,float64,输出参数,macro_china_cpi,中国宏观数据,0.1
农村-累计,,float64,输出参数,macro_china_cpi,中国宏观数据,102.0000
准备金存款,,float64,输出参数,macro_china_central_bank_balance,中国宏观数据,
准货币,,float64,输出参数,macro_china_supply_of_money,中国宏观数据,
准货币同比增长,,float64,输出参数,macro_china_supply_of_money,中国宏观数据,
函件总数,,float,输出参数,macro_china_postal_telecommunicational,中国宏观数据,
函件总数同比增长,,float,输出参数,macro_china_postal_telecommunicational,中国宏观数据,
利比亚,,float64,输出参数,macro_cons_opec_month,其他宏观数据,
制造业-同比增长,,float64,输出参数,macro_china_pmi,其他宏观数据,0.000000
制造业-指数,,float64,输出参数,macro_china_pmi,其他宏观数据,49.2
前值,,float64,输出参数,macro_china_gdp_yearly,中国宏观数据,9.6
前值,,float64,输出参数,macro_china_cpi_yearly,中国宏观数据,NaN
前值,,float64,输出参数,macro_china_cpi_monthly,中国宏观数据,NaN
前值,,float64,输出参数,macro_china_ppi_yearly,中国宏观数据,NaN
前值,,float64,输出参数,macro_china_exports_yoy,中国宏观数据,NaN
前值,,float64,输出参数,macro_china_imports_yoy,中国宏观数据,NaN
前值,,float64,输出参数,macro_china_trade_balance,中国宏观数据,NaN
前值,,float64,输出参数,macro_china_industrial_production_yoy,中国宏观数据,NaN
前值,,float64,输出参数,macro_china_pmi_yearly,中国宏观数据,NaN
前值,,float64,输出参数,macro_china_cx_pmi_yearly,中国宏观数据,48.7
前值,,float64,输出参数,macro_china_cx_services_pmi_yearly,中国宏观数据,53.9
前值,,float64,输出参数,macro_china_non_man_pmi,中国宏观数据,NaN
前值,,float64,输出参数,macro_china_fx_reserves_yearly,中国宏观数据,36600
前值,,float64,输出参数,macro_china_m2_yearly,中国宏观数据,NaN
前值,,float64,输出参数,macro_china_hk_cpi,中国宏观数据,78.4
前值,,float64,输出参数,macro_china_hk_cpi_ratio,中国宏观数据,3.8
前值,,float64,输出参数,macro_china_hk_rate_of_unemployment,中国宏观数据,3.4
前值,,float64,输出参数,macro_china_hk_gbp,中国宏观数据,458870
前值,,float64,输出参数,macro_china_hk_gbp_ratio,中国宏观数据,12.3
前值,,float64,输出参数,macro_china_hk_building_volume,中国宏观数据,15592
前值,,float64,输出参数,macro_china_hk_building_amount,中国宏观数据,64449
前值,,float64,输出参数,macro_china_hk_trade_diff_ratio,中国宏观数据,-31.654573
前值,,float64,输出参数,macro_china_hk_ppi,中国宏观数据,4.4
前值,,float64,输出参数,macro_usa_gdp_monthly,美国宏观数据,0.6
前值,,float64,输出参数,macro_usa_cpi_monthly,美国宏观数据,NaN
前值,,float64,输出参数,macro_usa_cpi_yoy,美国宏观数据,4.1
前值,,float64,输出参数,macro_usa_core_cpi_monthly,美国宏观数据,NaN
前值,,float64,输出参数,macro_usa_personal_spending,美国宏观数据,NaN
前值,,float64,输出参数,macro_usa_retail_sales,美国宏观数据,NaN
前值,,float64,输出参数,macro_usa_import_price,美国宏观数据,NaN
前值,,float64,输出参数,macro_usa_export_price,美国宏观数据,NaN
前值,,float64,输出参数,macro_usa_lmci,其他宏观数据,NaN
前值,,float64,输出参数,macro_usa_unemployment_rate,美国宏观数据,3.5
前值,,float64,输出参数,macro_usa_job_cuts,美国宏观数据,NaN
前值,,float64,输出参数,macro_usa_non_farm,美国宏观数据,-3.3
前值,,float64,输出参数,macro_usa_adp_employment,美国宏观数据,NaN
前值,,float64,输出参数,macro_usa_core_pce_price,美国宏观数据,NaN
前值,,float64,输出参数,macro_usa_real_consumer_spending,美国宏观数据,1.8
前值,,float64,输出参数,macro_usa_trade_balance,美国宏观数据,NaN
前值,,float64,输出参数,macro_usa_current_account,美国宏观数据,-1790
前值,,float64,输出参数,macro_usa_ppi,美国宏观数据,-0.3
前值,,float64,输出参数,macro_usa_core_ppi,美国宏观数据,0.4
前值,,float64,输出参数,macro_usa_api_crude_stock,美国宏观数据,-137.0
前值,,float64,输出参数,macro_usa_pmi,美国宏观数据,53.9
前值,,float64,输出参数,macro_usa_ism_pmi,美国宏观数据,NaN
前值,,float64,输出参数,macro_usa_industrial_production,美国宏观数据,NaN
前值,,float64,输出参数,macro_usa_durable_goods_orders,美国宏观数据,5.0
前值,,float64,输出参数,macro_usa_factory_orders,美国宏观数据,NaN
前值,,float64,输出参数,macro_usa_services_pmi,美国宏观数据,NaN
前值,,float64,输出参数,macro_usa_business_inventories,美国宏观数据,NaN
前值,,float64,输出参数,macro_usa_ism_non_pmi,美国宏观数据,NaN
前值,,float64,输出参数,macro_usa_nahb_house_market_index,美国宏观数据,NaN
前值,,float64,输出参数,macro_usa_house_starts,美国宏观数据,NaN
前值,,float64,输出参数,macro_usa_new_home_sales,美国宏观数据,NaN
前值,,float64,输出参数,macro_usa_building_permits,美国宏观数据,107.0
前值,,float64,输出参数,macro_usa_exist_home_sales,美国宏观数据,NaN
前值,,float64,输出参数,macro_usa_house_price_index,美国宏观数据,NaN
前值,,float64,输出参数,macro_usa_spcs20,美国宏观数据,NaN
前值,,float64,输出参数,macro_usa_pending_home_sales,美国宏观数据,NaN
前值,,float64,输出参数,macro_usa_phs,美国宏观数据,-1.5
前值,,float64,输出参数,macro_usa_cb_consumer_confidence,美国宏观数据,NaN
前值,,float64,输出参数,macro_usa_nfib_small_business,美国宏观数据,NaN
前值,,float64,输出参数,macro_usa_michigan_consumer_sentiment,美国宏观数据,NaN
前值,,float64,输出参数,macro_usa_eia_crude_rate,美国宏观数据,NaN
前值,,float64,输出参数,macro_usa_initial_jobless,美国宏观数据,NaN
前值,,float64,输出参数,macro_euro_gdp_yoy,欧洲宏观数据,-0.5
前值,,float64,输出参数,macro_euro_cpi_mom,欧洲宏观数据,NaN
前值,,float64,输出参数,macro_euro_cpi_yoy,欧洲宏观数据,NaN
前值,,float64,输出参数,macro_euro_ppi_mom,欧洲宏观数据,NaN
前值,,float64,输出参数,macro_euro_retail_sales_mom,欧洲宏观数据,NaN
前值,,float64,输出参数,macro_euro_employment_change_qoq,欧洲宏观数据,0.3
前值,,float64,输出参数,macro_euro_unemployment_rate_mom,欧洲宏观数据,NaN
前值,,float64,输出参数,macro_euro_trade_balance,欧洲宏观数据,NaN
前值,,float64,输出参数,macro_euro_current_account_mom,欧洲宏观数据,NaN
前值,,float64,输出参数,macro_euro_industrial_production_mom,欧洲宏观数据,NaN
前值,,float64,输出参数,macro_euro_manufacturing_pmi,欧洲宏观数据,52.8
前值,,float64,输出参数,macro_euro_services_pmi,欧洲宏观数据,50.6
前值,,float64,输出参数,macro_euro_zew_economic_sentiment,欧洲宏观数据,-41.7
前值,,float64,输出参数,macro_euro_sentix_investor_confidence,欧洲宏观数据,NaN
前值,,float64,输出参数,macro_germany_ifo,其他宏观数据,98.3
前值,,float64,输出参数,macro_germany_cpi_monthly,其他宏观数据,0.7
前值,,float64,输出参数,macro_germany_cpi_yearly,其他宏观数据,3.1
前值,,float64,输出参数,macro_germany_trade_adjusted,贸易数据,15.5
前值,,float64,输出参数,macro_germany_gdp,GDP相关,3.911156
前值,,float64,输出参数,macro_germany_retail_sale_monthly,其他宏观数据,4.5
前值,,float64,输出参数,macro_germany_retail_sale_yearly,其他宏观数据,3.2
前值,,float64,输出参数,macro_germany_zew,其他宏观数据,-37.2
前值,,float64,输出参数,macro_swiss_svme,其他宏观数据,NaN
前值,,float64,输出参数,macro_swiss_trade,贸易数据,NaN
前值,,float64,输出参数,macro_swiss_cpi_yearly,其他宏观数据,NaN
前值,,float64,输出参数,macro_swiss_gdp_quarterly,GDP相关,NaN
前值,,float64,输出参数,macro_swiss_gbd_yearly,GDP相关,NaN
前值,,float64,输出参数,macro_swiss_gbd_bank_rate,中国宏观数据,NaN
前值,,float64,输出参数,macro_japan_bank_rate,中国宏观数据,NaN
前值,,float64,输出参数,macro_japan_cpi_yearly,日本宏观数据,0.7
前值,,float64,输出参数,macro_japan_core_cpi_yearly,日本宏观数据,-0.1
前值,,float64,输出参数,macro_japan_unemployment_rate,日本宏观数据,3.7
前值,,float64,输出参数,macro_japan_head_indicator,日本宏观数据,102.1
前值,,float64,输出参数,macro_uk_halifax_monthly,其他宏观数据,NaN
前值,,float64,输出参数,macro_uk_halifax_yearly,其他宏观数据,5.2
前值,,float64,输出参数,macro_uk_trade,贸易数据,-3157
前值,,float64,输出参数,macro_uk_bank_rate,中国宏观数据,NaN
前值,,float64,输出参数,macro_uk_core_cpi_yearly,其他宏观数据,1.4
前值,,float64,输出参数,macro_uk_core_cpi_monthly,其他宏观数据,0.6
前值,,float64,输出参数,macro_uk_cpi_yearly,其他宏观数据,2.115385
前值,,float64,输出参数,macro_uk_cpi_monthly,其他宏观数据,0.6
前值,,float64,输出参数,macro_uk_retail_monthly,其他宏观数据,-0.4
前值,,float64,输出参数,macro_uk_retail_yearly,其他宏观数据,2.7
前值,,float64,输出参数,macro_uk_rightmove_yearly,其他宏观数据,NaN
前值,,float64,输出参数,macro_uk_rightmove_monthly,其他宏观数据,NaN
前值,,float64,输出参数,macro_uk_gdp_quarterly,GDP相关,0.6
前值,,float64,输出参数,macro_uk_gdp_yearly,GDP相关,NaN
前值,,float64,输出参数,macro_uk_unemployment_rate,就业数据,5.19
前值,,float64,输出参数,macro_australia_retail_rate_monthly,其他宏观数据,23.4
前值,,float64,输出参数,macro_australia_trade,贸易数据,-1148
前值,,float64,输出参数,macro_australia_unemployment_rate,就业数据,4.309566
前值,,float64,输出参数,macro_australia_ppi_quarterly,其他宏观数据,0.7
前值,,float64,输出参数,macro_australia_cpi_quarterly,其他宏观数据,0.9
前值,,float64,输出参数,macro_australia_cpi_yearly,其他宏观数据,2.9
前值,,float64,输出参数,macro_australia_bank_rate,中国宏观数据,NaN
前值,,float64,输出参数,macro_canada_new_house_rate,其他宏观数据,29.96
前值,,float64,输出参数,macro_canada_unemployment_rate,就业数据,5.2
前值,,float64,输出参数,macro_canada_trade,贸易数据,1138
前值,,float64,输出参数,macro_canada_retail_rate_monthly,其他宏观数据,1.2
前值,,float64,输出参数,macro_canada_bank_rate,中国宏观数据,3.75
前值,,float64,输出参数,macro_canada_core_cpi_yearly,其他宏观数据,5.800000
前值,,float64,输出参数,macro_canada_core_cpi_monthly,其他宏观数据,0.400000
前值,,float64,输出参数,macro_canada_cpi_yearly,其他宏观数据,6.900000
前值,,float64,输出参数,macro_canada_cpi_monthly,其他宏观数据,0.065531
前值,,float64,输出参数,macro_canada_gdp_monthly,GDP相关,0.1
前值,,float64,输出参数,macro_info_ws,其他宏观数据,
前值,,float64,输出参数,news_economic_baidu,其他宏观数据,-16.72
加元/人民币_中间价,_,float64,输出参数,macro_china_rmb,中国宏观数据,
加元/人民币_涨跌幅,_,float64,输出参数,macro_china_rmb,中国宏观数据,
加权平均价,,float64,输出参数,macro_china_au_report,其他宏观数据,
加蓬,,float64,输出参数,macro_cons_opec_month,其他宏观数据,20.9
募集资金,,float64,输出参数,macro_stock_finance,其他宏观数据,567.67
包件,,float,输出参数,macro_china_postal_telecommunicational,中国宏观数据,
包件同比增长,,float,输出参数,macro_china_postal_telecommunicational,中国宏观数据,
厄瓜多尔,,float64,输出参数,macro_cons_opec_month,其他宏观数据,
原保险保费收入,,float64,输出参数,macro_china_insurance,中国宏观数据,5361100.0
原保险赔付支出,,float64,输出参数,macro_china_insurance,中国宏观数据,
发布日期,,object,输出参数,macro_china_hk_cpi,中国宏观数据,2008-02-21
发布日期,,object,输出参数,macro_china_hk_cpi_ratio,中国宏观数据,2008-02-21
发布日期,,object,输出参数,macro_china_hk_rate_of_unemployment,中国宏观数据,2008-02-18
发布日期,,object,输出参数,macro_china_hk_gbp,中国宏观数据,2008-05-15
发布日期,,object,输出参数,macro_china_hk_gbp_ratio,中国宏观数据,2008-05-15
发布日期,,object,输出参数,macro_china_hk_building_volume,中国宏观数据,2008-02-04
发布日期,,object,输出参数,macro_china_hk_building_amount,中国宏观数据,2008-02-04
发布日期,,object,输出参数,macro_china_hk_trade_diff_ratio,中国宏观数据,2008-02-27
发布日期,,object,输出参数,macro_china_hk_ppi,中国宏观数据,2008-06-13
发布日期,,object,输出参数,macro_usa_cpi_yoy,美国宏观数据,2008-02-14
发布日期,,object,输出参数,macro_usa_phs,美国宏观数据,2022-11-18
发布日期,,object,输出参数,macro_germany_ifo,其他宏观数据,2008-01-25
发布日期,,object,输出参数,macro_germany_cpi_monthly,其他宏观数据,2008-02-16
发布日期,,object,输出参数,macro_germany_cpi_yearly,其他宏观数据,2008-02-16
发布日期,,object,输出参数,macro_germany_trade_adjusted,贸易数据,2008-03-10
发布日期,,object,输出参数,macro_germany_gdp,GDP相关,2008-05-27
发布日期,,object,输出参数,macro_germany_retail_sale_monthly,其他宏观数据,2008-02-13
发布日期,,object,输出参数,macro_germany_retail_sale_yearly,其他宏观数据,2009-04-13
发布日期,,object,输出参数,macro_germany_zew,其他宏观数据,2008-01-16
发布日期,,object,输出参数,macro_swiss_svme,其他宏观数据,2008-01-01
发布日期,,object,输出参数,macro_swiss_trade,贸易数据,2008-01-20
发布日期,,object,输出参数,macro_swiss_cpi_yearly,其他宏观数据,2008-01-08
发布日期,,object,输出参数,macro_swiss_gdp_quarterly,GDP相关,2008-03-01
发布日期,,object,输出参数,macro_swiss_gbd_yearly,GDP相关,2008-03-02
发布日期,,object,输出参数,macro_swiss_gbd_bank_rate,中国宏观数据,2008-03-16
发布日期,,object,输出参数,macro_japan_bank_rate,中国宏观数据,2008-01-21
发布日期,,object,输出参数,macro_japan_cpi_yearly,日本宏观数据,2008-02-25
发布日期,,object,输出参数,macro_japan_core_cpi_yearly,日本宏观数据,2008-02-25
发布日期,,object,输出参数,macro_japan_unemployment_rate,日本宏观数据,2008-02-29
发布日期,,object,输出参数,macro_japan_head_indicator,日本宏观数据,2008-03-08
发布日期,,object,输出参数,macro_uk_halifax_monthly,其他宏观数据,2008-02-07
发布日期,,object,输出参数,macro_uk_halifax_yearly,其他宏观数据,2008-02-07
发布日期,,object,输出参数,macro_uk_trade,贸易数据,2008-03-11
发布日期,,object,输出参数,macro_uk_bank_rate,中国宏观数据,2008-01-15
发布日期,,object,输出参数,macro_uk_core_cpi_yearly,其他宏观数据,2008-02-16
发布日期,,object,输出参数,macro_uk_core_cpi_monthly,其他宏观数据,2008-02-16
发布日期,,object,输出参数,macro_uk_cpi_yearly,其他宏观数据,2008-02-16
发布日期,,object,输出参数,macro_uk_cpi_monthly,其他宏观数据,2008-02-16
发布日期,,object,输出参数,macro_uk_retail_monthly,其他宏观数据,2008-02-20
发布日期,,object,输出参数,macro_uk_retail_yearly,其他宏观数据,2008-02-20
发布日期,,object,输出参数,macro_uk_rightmove_yearly,其他宏观数据,2008-01-20
发布日期,,object,输出参数,macro_uk_rightmove_monthly,其他宏观数据,2008-01-20
发布日期,,object,输出参数,macro_uk_gdp_quarterly,GDP相关,2008-06-29
发布日期,,object,输出参数,macro_uk_gdp_yearly,GDP相关,2010-03-31
发布日期,,object,输出参数,macro_uk_unemployment_rate,就业数据,2008-02-16
发布日期,,object,输出参数,macro_australia_retail_rate_monthly,其他宏观数据,2008-03-06
发布日期,,object,输出参数,macro_australia_trade,贸易数据,2008-03-06
发布日期,,object,输出参数,macro_australia_unemployment_rate,就业数据,2008-02-15
发布日期,,object,输出参数,macro_australia_ppi_quarterly,其他宏观数据,2008-04-29
发布日期,,object,输出参数,macro_australia_cpi_quarterly,其他宏观数据,2008-06-07
发布日期,,object,输出参数,macro_australia_cpi_yearly,其他宏观数据,2008-04-26
发布日期,,object,输出参数,macro_australia_bank_rate,中国宏观数据,2008-01-05
发布日期,,object,输出参数,macro_canada_new_house_rate,其他宏观数据,2022-11-16
发布日期,,object,输出参数,macro_canada_unemployment_rate,就业数据,2022-12-02
发布日期,,object,输出参数,macro_canada_trade,贸易数据,2022-12-06
发布日期,,object,输出参数,macro_canada_retail_rate_monthly,其他宏观数据,2022-12-20
发布日期,,object,输出参数,macro_canada_bank_rate,中国宏观数据,2022-12-07
发布日期,,object,输出参数,macro_canada_core_cpi_yearly,其他宏观数据,2022-12-21
发布日期,,object,输出参数,macro_canada_core_cpi_monthly,其他宏观数据,2022-12-21
发布日期,,object,输出参数,macro_canada_cpi_yearly,其他宏观数据,2022-12-21
发布日期,,object,输出参数,macro_canada_cpi_monthly,其他宏观数据,2022-11-16
发布日期,,object,输出参数,macro_canada_gdp_monthly,GDP相关,2022-11-29
发布时间,,object,输出参数,macro_china_gyzjz,中国宏观数据,2008-02-01
发行总股本-上海,,float64,输出参数,macro_china_stock_market_cap,其他宏观数据,NaN
发行总股本-深圳,,float64,输出参数,macro_china_stock_market_cap,其他宏观数据,
发行日期,,object,输出参数,macro_china_bond_public,中国宏观数据,01-16
发行货币,,float64,输出参数,macro_china_central_bank_balance,中国宏观数据,
各行业用电量合计,,float64,输出参数,macro_china_society_electricity,中国宏观数据,
各行业用电量合计同比,,float64,输出参数,macro_china_society_electricity,中国宏观数据,
同比增长,,float64,输出参数,macro_china_gyzjz,中国宏观数据,15.4
同比增长,,float64,输出参数,macro_china_gdzctz,中国宏观数据,4.27
同比增长,,float64,输出参数,macro_china_whxd,其他宏观数据,4508.33
同比增长,,float64,输出参数,macro_china_wbck,其他宏观数据,-132.917535
同比增长,,float64,输出参数,macro_china_consumer_goods_retail,其他宏观数据,-0.5
品种,,object,输出参数,macro_usa_cme_merchant_goods_holding,其他宏观数据,铜-看跌
商品,,object,输出参数,macro_china_gdp_yearly,中国宏观数据,中国GDP年率报告
商品,,object,输出参数,macro_china_cpi_yearly,中国宏观数据,中国CPI年率报告
商品,,object,输出参数,macro_china_cpi_monthly,中国宏观数据,中国CPI月率报告
商品,,object,输出参数,macro_china_ppi_yearly,中国宏观数据,中国PPI年率报告
商品,,object,输出参数,macro_china_exports_yoy,中国宏观数据,中国以美元计算出口年率报告
商品,,object,输出参数,macro_china_imports_yoy,中国宏观数据,中国以美元计算进口年率报告
商品,,object,输出参数,macro_china_trade_balance,中国宏观数据,中国以美元计算贸易帐报告
商品,,object,输出参数,macro_china_industrial_production_yoy,中国宏观数据,中国规模以上工业增加值年率报告
商品,,object,输出参数,macro_china_pmi_yearly,中国宏观数据,中国官方制造业PMI
商品,,object,输出参数,macro_china_cx_pmi_yearly,中国宏观数据,中国财新制造业PMI终值报告
商品,,object,输出参数,macro_china_cx_services_pmi_yearly,中国宏观数据,中国财新服务业PMI报告
商品,,object,输出参数,macro_china_non_man_pmi,中国宏观数据,中国官方非制造业PMI报告
商品,,object,输出参数,macro_china_fx_reserves_yearly,中国宏观数据,中国外汇储备报告
商品,,object,输出参数,macro_china_m2_yearly,中国宏观数据,中国M2货币供应年率报告
商品,,object,输出参数,macro_china_au_report,其他宏观数据,Pt9995
商品,,object,输出参数,macro_usa_gdp_monthly,美国宏观数据,美国国内生产总值(GDP)
商品,,object,输出参数,macro_usa_cpi_monthly,美国宏观数据,美国CPI月率
商品,,object,输出参数,macro_usa_core_cpi_monthly,美国宏观数据,美国核心CPI月率
商品,,object,输出参数,macro_usa_personal_spending,美国宏观数据,美国个人支出月率
商品,,object,输出参数,macro_usa_retail_sales,美国宏观数据,美国零售销售月率
商品,,object,输出参数,macro_usa_import_price,美国宏观数据,美国进口物价指数
商品,,object,输出参数,macro_usa_export_price,美国宏观数据,美国出口价格指数
商品,,object,输出参数,macro_usa_lmci,其他宏观数据,美联储劳动力市场状况指数
商品,,object,输出参数,macro_usa_unemployment_rate,美国宏观数据,美国失业率
商品,,object,输出参数,macro_usa_job_cuts,美国宏观数据,美国挑战者企业裁员人数
商品,,object,输出参数,macro_usa_non_farm,美国宏观数据,美国非农就业人数
商品,,object,输出参数,macro_usa_adp_employment,美国宏观数据,美国ADP就业人数
商品,,object,输出参数,macro_usa_core_pce_price,美国宏观数据,美国核心PCE物价指数年率
商品,,object,输出参数,macro_usa_real_consumer_spending,美国宏观数据,美国实际个人消费支出季率初值
商品,,object,输出参数,macro_usa_trade_balance,美国宏观数据,美国贸易帐报告
商品,,object,输出参数,macro_usa_current_account,美国宏观数据,美国经常账报告
商品,,object,输出参数,macro_usa_ppi,美国宏观数据,美国生产者物价指数
商品,,object,输出参数,macro_usa_core_ppi,美国宏观数据,美国核心生产者物价指数
商品,,object,输出参数,macro_usa_api_crude_stock,美国宏观数据,美国API原油库存
商品,,object,输出参数,macro_usa_pmi,美国宏观数据,美国Markit制造业PMI报告
商品,,object,输出参数,macro_usa_ism_pmi,美国宏观数据,美国ISM制造业PMI报告
商品,,object,输出参数,macro_usa_industrial_production,美国宏观数据,美国工业产出月率报告
商品,,object,输出参数,macro_usa_durable_goods_orders,美国宏观数据,美国耐用品订单月率报告
商品,,object,输出参数,macro_usa_factory_orders,美国宏观数据,美国工厂订单月率报告
商品,,object,输出参数,macro_usa_services_pmi,美国宏观数据,美国Markit服务业PMI初值报告
商品,,object,输出参数,macro_usa_business_inventories,美国宏观数据,美国商业库存月率报告
商品,,object,输出参数,macro_usa_ism_non_pmi,美国宏观数据,美国ISM非制造业PMI报告
商品,,object,输出参数,macro_usa_nahb_house_market_index,美国宏观数据,美国NAHB房产市场指数报告
商品,,object,输出参数,macro_usa_house_starts,美国宏观数据,美国新屋开工总数年化报告
商品,,object,输出参数,macro_usa_new_home_sales,美国宏观数据,美国新屋销售总数年化报告
商品,,object,输出参数,macro_usa_building_permits,美国宏观数据,美国营建许可总数报告
商品,,object,输出参数,macro_usa_exist_home_sales,美国宏观数据,美国成屋销售总数年化报告
商品,,object,输出参数,macro_usa_house_price_index,美国宏观数据,美国FHFA房价指数月率报告
商品,,object,输出参数,macro_usa_spcs20,美国宏观数据,美国S&P/CS20座大城市房价指数年率
商品,,object,输出参数,macro_usa_pending_home_sales,美国宏观数据,美国成屋签约销售指数月率报告
商品,,object,输出参数,macro_usa_cb_consumer_confidence,美国宏观数据,美国谘商会消费者信心指数
商品,,object,输出参数,macro_usa_nfib_small_business,美国宏观数据,美国NFIB小型企业信心指数报告
商品,,object,输出参数,macro_usa_michigan_consumer_sentiment,美国宏观数据,美国密歇根大学消费者信心指数初值报告
商品,,object,输出参数,macro_usa_eia_crude_rate,美国宏观数据,美国EIA原油库存
商品,,object,输出参数,macro_usa_initial_jobless,美国宏观数据,美国初请失业金人数
商品,,object,输出参数,macro_euro_gdp_yoy,欧洲宏观数据,欧元区季度GDP年率
商品,,object,输出参数,macro_euro_cpi_mom,欧洲宏观数据,欧元区CPI月率
商品,,object,输出参数,macro_euro_cpi_yoy,欧洲宏观数据,欧元区CPI年率
商品,,object,输出参数,macro_euro_ppi_mom,欧洲宏观数据,欧元区PPI月率
商品,,object,输出参数,macro_euro_retail_sales_mom,欧洲宏观数据,欧元区零售销售月率
商品,,object,输出参数,macro_euro_employment_change_qoq,欧洲宏观数据,欧元区季调后就业人数季率
商品,,object,输出参数,macro_euro_unemployment_rate_mom,欧洲宏观数据,欧元区失业率
商品,,object,输出参数,macro_euro_trade_balance,欧洲宏观数据,欧元区未季调贸易帐
商品,,object,输出参数,macro_euro_current_account_mom,欧洲宏观数据,欧元区经常帐
商品,,object,输出参数,macro_euro_industrial_production_mom,欧洲宏观数据,欧元区工业产出月率
商品,,object,输出参数,macro_euro_manufacturing_pmi,欧洲宏观数据,欧元区制造业PMI初值
商品,,object,输出参数,macro_euro_services_pmi,欧洲宏观数据,欧元区服务业PMI终值
商品,,object,输出参数,macro_euro_zew_economic_sentiment,欧洲宏观数据,欧元区ZEW经济景气指数
商品,,object,输出参数,macro_euro_sentix_investor_confidence,欧洲宏观数据,欧元区Sentix投资者信心指数
商品,,object,输出参数,macro_cons_gold,其他宏观数据,黄金
商品,,object,输出参数,macro_cons_silver,其他宏观数据,白银
固定电话用,,float,输出参数,macro_china_postal_telecommunicational,中国宏观数据,
固定电话用户数同比增长,,float,输出参数,macro_china_postal_telecommunicational,中国宏观数据,
国内生产总值-同比增长,,float64,输出参数,macro_china_gdp,中国宏观数据,18.3
国内生产总值-绝对值,,float64,输出参数,macro_china_gdp,中国宏观数据,249310.0
国外负债,,float64,输出参数,macro_china_central_bank_balance,中国宏观数据,
国外资产,,float64,输出参数,macro_china_central_bank_balance,中国宏观数据,231736.57
国家外汇储备,,float64,输出参数,macro_china_foreign_exchange_gold,中国宏观数据,1.67
国家外汇储备-同比,,float64,输出参数,macro_china_fx_gold,中国宏观数据,43.914387
国家外汇储备-数值,,float64,输出参数,macro_china_fx_gold,中国宏观数据,15898.1040
国家外汇储备-环比,,float64,输出参数,macro_china_fx_gold,中国宏观数据,4.028224
地区,,object,输出参数,macro_info_ws,其他宏观数据,
地区,,object,输出参数,news_economic_baidu,其他宏观数据,巴西
地方政府,,float64,输出参数,macro_cnbs,中国宏观数据,3.9
城乡居民生活用电量合计,,float64,输出参数,macro_china_society_electricity,中国宏观数据,
城乡居民生活用电量合计同比,,float64,输出参数,macro_china_society_electricity,中国宏观数据,
城市,,object,输出参数,macro_china_new_house_price,中国宏观数据,上海
城市-同比增长,,float64,输出参数,macro_china_cpi,中国宏观数据,
城市-当月,,float64,输出参数,macro_china_cpi,中国宏观数据,
城市-环比增长,,float64,输出参数,macro_china_cpi,中国宏观数据,
城市-累计,,float64,输出参数,macro_china_cpi,中国宏观数据,
城市住宅电话用户,,float,输出参数,macro_china_postal_telecommunicational,中国宏观数据,
城市住宅电话用户同比增长,,float,输出参数,macro_china_postal_telecommunicational,中国宏观数据,NaN
城市电话用户数,,float,输出参数,macro_china_postal_telecommunicational,中国宏观数据,
城市电话用户数同比增长,,float,输出参数,macro_china_postal_telecommunicational,中国宏观数据,
城镇居民用电量,,float64,输出参数,macro_china_society_electricity,中国宏观数据,
城镇居民用电量同比,,float64,输出参数,macro_china_society_electricity,中国宏观数据,16.12
增发募集资金,,float64,输出参数,macro_stock_finance,其他宏观数据,199.64
增持/减持,,float64,输出参数,macro_cons_gold,其他宏观数据,49.76
增持/减持,,float64,输出参数,macro_cons_silver,其他宏观数据,68.54
备注,,object,输出参数,macro_china_reserve_requirement_ratio,中国宏观数据,"为保持流动性合理充裕,促进综合融资成本稳中有降,落实稳经济一揽子政策措施,巩固经济回稳向上基..."
外汇,,float64,输出参数,macro_china_central_bank_balance,中国宏观数据,217824.72
大型金融机构-调整前,,float64,输出参数,macro_china_reserve_requirement_ratio,中国宏观数据,
大型金融机构-调整后,,float64,输出参数,macro_china_reserve_requirement_ratio,中国宏观数据,
大型金融机构-调整幅度,,float64,输出参数,macro_china_reserve_requirement_ratio,中国宏观数据,
委内瑞拉,,float64,输出参数,macro_cons_opec_month,其他宏观数据,203.4
存煤可用天数,,float64,输出参数,macro_china_daily_energy,中国宏观数据,18.19
季度,,object,输出参数,macro_china_enterprise_boom_index,中国宏观数据,2022年第2季度
季度,,object,输出参数,macro_china_national_tax_receipts,中国宏观数据,2022年第1-3季度
季度,,object,输出参数,macro_china_gdp,中国宏观数据,2021-03-01
季度环比,,float64,输出参数,macro_china_national_tax_receipts,中国宏观数据,0.171811
安哥拉,,float64,输出参数,macro_cons_opec_month,其他宏观数据,167.4
定期存款,,float64,输出参数,macro_china_supply_of_money,中国宏观数据,
定期存款同比增长,,float64,输出参数,macro_china_supply_of_money,中国宏观数据,
实体经济部门,,float64,输出参数,macro_cnbs,中国宏观数据,105.8
客座率,,float64,输出参数,macro_china_passenger_load_factor,中国宏观数据,81.20
客运量,,float64,输出参数,macro_china_society_traffic_volume,中国宏观数据,
客运量同比增长,,float64,输出参数,macro_china_society_traffic_volume,中国宏观数据,
对其他存款性公司债权,,float64,输出参数,macro_china_central_bank_balance,中国宏观数据,
对其他金融性公司债权,,float64,输出参数,macro_china_central_bank_balance,中国宏观数据,
对政府债权,,float64,输出参数,macro_china_central_bank_balance,中国宏观数据,
对金融机构负债,,float64,输出参数,macro_china_central_bank_balance,中国宏观数据,
对非货币金融机构债权,,float64,输出参数,macro_china_central_bank_balance,中国宏观数据,
对非金融性公司债权,,float64,输出参数,macro_china_central_bank_balance,中国宏观数据,
尼日利亚,,float64,输出参数,macro_cons_opec_month,其他宏观数据,147.4
居民消费项目,,object,输出参数,macro_china_retail_price_index,中国宏观数据,建筑材料及五金电料
居民部门,,float64,输出参数,macro_cnbs,中国宏观数据,7.5
市价总值-上海,,float64,输出参数,macro_china_stock_market_cap,其他宏观数据,
市价总值-深圳,,float64,输出参数,macro_china_stock_market_cap,其他宏观数据,
年份,,object,输出参数,macro_cnbs,中国宏观数据,1992-12
开盘价,,float64,输出参数,macro_china_au_report,其他宏观数据,293.50
当月,,int64,输出参数,macro_china_fdi,中国宏观数据,11200250.0
当月,,float64,输出参数,macro_china_new_financial_credit,中国宏观数据,4431.0
当月,,float64,输出参数,macro_china_ppi,其他宏观数据,98.700
当月,,float64,输出参数,macro_china_gdzctz,中国宏观数据,50047.00
当月,,float64,输出参数,macro_china_czsr,中国宏观数据,7396.64
当月,,float64,输出参数,macro_china_whxd,其他宏观数据,169.28
当月,,float64,输出参数,macro_china_wbck,其他宏观数据,-2650.78
当月,,float64,输出参数,macro_china_consumer_goods_retail,其他宏观数据,40271.0
当月-同比增长,,float64,输出参数,macro_china_fdi,中国宏观数据,116.422424
当月-同比增长,,float64,输出参数,macro_china_new_financial_credit,中国宏观数据,-42.840557
当月-同比增长,,float64,输出参数,macro_china_czsr,中国宏观数据,42.352305
当月-环比增长,,float64,输出参数,macro_china_fdi,中国宏观数据,-14.460445
当月-环比增长,,float64,输出参数,macro_china_new_financial_credit,中国宏观数据,-82.749358
当月-环比增长,,float64,输出参数,macro_china_czsr,中国宏观数据,135.212710
当月出口额-同比增长,,float64,输出参数,macro_china_hgjck,中国宏观数据,-0.3
当月出口额-环比增长,,float64,输出参数,macro_china_hgjck,中国宏观数据,
当月出口额-金额,,float64,输出参数,macro_china_hgjck,中国宏观数据,2.983717e+08
当月同比增长,,float64,输出参数,macro_china_ppi,其他宏观数据,-1.30
当月进口额-同比增长,,float64,输出参数,macro_china_hgjck,中国宏观数据,
当月进口额-环比增长,,float64,输出参数,macro_china_hgjck,中国宏观数据,
当月进口额-金额,,float64,输出参数,macro_china_hgjck,中国宏观数据,
总价值,,float64,输出参数,macro_cons_gold,其他宏观数据,8.288069e+08
总价值,,float64,输出参数,macro_cons_silver,其他宏观数据,5505643206
总库存,,float64,输出参数,macro_cons_gold,其他宏观数据,57.85
总库存,,float64,输出参数,macro_cons_silver,其他宏观数据,10891.14
总指数-同比增长,,float64,输出参数,macro_china_qyspjg,中国宏观数据,-5.746061
总指数-指数值,,float64,输出参数,macro_china_qyspjg,中国宏观数据,101.70
总指数-环比增长,,float64,输出参数,macro_china_qyspjg,中国宏观数据,
总负债,,float64,输出参数,macro_china_central_bank_balance,中国宏观数据,408091.68
总资产,,float64,输出参数,macro_china_central_bank_balance,中国宏观数据,
成交量,,float64,输出参数,macro_china_au_report,其他宏观数据,
成交量,,float64,输出参数,macro_usa_cme_merchant_goods_holding,其他宏观数据,597
成交量-上海,,float64,输出参数,macro_china_stock_market_cap,其他宏观数据,
成交量-深圳,,float64,输出参数,macro_china_stock_market_cap,其他宏观数据,
成交金额,,float64,输出参数,macro_china_au_report,其他宏观数据,
成交金额-上海,,float64,输出参数,macro_china_stock_market_cap,其他宏观数据,
成交金额-深圳,,float64,输出参数,macro_china_stock_market_cap,其他宏观数据,
截止日期,,object,输出参数,macro_china_freight_index,中国宏观数据,2021-08-10
投资,,float64,输出参数,macro_china_insurance,中国宏观数据,
持仓量,,float64,输出参数,macro_china_au_report,其他宏观数据,NaN
指标,,object,输出参数,macro_china_international_tourism_fx,中国宏观数据,餐饮
收盘价,,float64,输出参数,macro_china_au_report,其他宏观数据,
政府存款,,float64,输出参数,macro_china_central_bank_balance,中国宏观数据,
政府部门,,float64,输出参数,macro_cnbs,中国宏观数据,8.3
数据日期,,object,输出参数,macro_china_stock_market_cap,其他宏观数据,2022年11月份
数量,,float64,输出参数,macro_china_international_tourism_fx,中国宏观数据,16041.0
新加坡元/人民币_中间价,_,float64,输出参数,macro_china_rmb,中国宏观数据,
新加坡元/人民币_涨跌幅,_,float64,输出参数,macro_china_rmb,中国宏观数据,
新增人民币贷款-同比,,object,输出参数,macro_rmb_loan,其他宏观数据,11.37%
新增人民币贷款-总额,,float64,输出参数,macro_rmb_loan,其他宏观数据,7188.0
新增人民币贷款-环比,,object,输出参数,macro_rmb_loan,其他宏观数据,-81.52%
新增企业存款-同比,,object,输出参数,macro_rmb_deposit,其他宏观数据,
新增企业存款-数量,,float64,输出参数,macro_rmb_deposit,其他宏观数据,
新增企业存款-环比,,object,输出参数,macro_rmb_deposit,其他宏观数据,
新增储蓄存款-同比,,object,输出参数,macro_rmb_deposit,其他宏观数据,
新增储蓄存款-数量,,float64,输出参数,macro_rmb_deposit,其他宏观数据,
新增储蓄存款-环比,,object,输出参数,macro_rmb_deposit,其他宏观数据,
新增其他存款-同比,,object,输出参数,macro_rmb_deposit,其他宏观数据,6.58%
新增其他存款-数量,,float64,输出参数,macro_rmb_deposit,其他宏观数据,58014.72
新增其他存款-环比,,object,输出参数,macro_rmb_deposit,其他宏观数据,9.49%
新增存款-同比,,object,输出参数,macro_rmb_deposit,其他宏观数据,12.44%
新增存款-数量,,float64,输出参数,macro_rmb_deposit,其他宏观数据,2734467.18
新增存款-环比,,object,输出参数,macro_rmb_deposit,其他宏观数据,
新建商品住宅价格指数-同比,,float64,输出参数,macro_china_new_house_price,中国宏观数据,101.8
新建商品住宅价格指数-定基,,float64,输出参数,macro_china_new_house_price,中国宏观数据,
新建商品住宅价格指数-环比,,float64,输出参数,macro_china_new_house_price,中国宏观数据,
新西兰元/人民币_中间价,_,float64,输出参数,macro_china_rmb,中国宏观数据,
新西兰元/人民币_涨跌幅,_,float64,输出参数,macro_china_rmb,中国宏观数据,
旅客周转量,,float64,输出参数,macro_china_society_traffic_volume,中国宏观数据,
无,,,输入参数,macro_cnbs,中国宏观数据,
无,,,输入参数,macro_china_qyspjg,中国宏观数据,
无,,,输入参数,macro_china_fdi,中国宏观数据,
无,,,输入参数,macro_china_lpr,中国宏观数据,
无,,,输入参数,macro_china_urban_unemployment,中国宏观数据,
无,,,输入参数,macro_china_shrzgm,贸易数据,
无,,,输入参数,macro_china_gdp_yearly,中国宏观数据,
无,,,输入参数,macro_china_cpi_yearly,中国宏观数据,
无,,,输入参数,macro_china_cpi_monthly,中国宏观数据,
无,,,输入参数,macro_china_ppi_yearly,中国宏观数据,
无,,,输入参数,macro_china_exports_yoy,中国宏观数据,
无,,,输入参数,macro_china_imports_yoy,中国宏观数据,
无,,,输入参数,macro_china_trade_balance,中国宏观数据,
无,,,输入参数,macro_china_gyzjz,中国宏观数据,
无,,,输入参数,macro_china_industrial_production_yoy,中国宏观数据,
无,,,输入参数,macro_china_pmi_yearly,中国宏观数据,
无,,,输入参数,macro_china_cx_pmi_yearly,中国宏观数据,
无,,,输入参数,macro_china_cx_services_pmi_yearly,中国宏观数据,
无,,,输入参数,macro_china_non_man_pmi,中国宏观数据,
无,,,输入参数,macro_china_fx_reserves_yearly,中国宏观数据,
无,,,输入参数,macro_china_m2_yearly,中国宏观数据,
无,,,输入参数,macro_china_enterprise_boom_index,中国宏观数据,
无,,,输入参数,macro_china_national_tax_receipts,中国宏观数据,
无,,,输入参数,macro_china_bank_financing,其他宏观数据,
无,,,输入参数,macro_china_insurance_income,其他宏观数据,
无,,,输入参数,macro_china_mobile_number,其他宏观数据,
无,,,输入参数,macro_china_vegetable_basket,其他宏观数据,
无,,,输入参数,macro_china_agricultural_product,其他宏观数据,
无,,,输入参数,macro_china_agricultural_index,其他宏观数据,
无,,,输入参数,macro_china_energy_index,其他宏观数据,
无,,,输入参数,macro_china_commodity_price_index,其他宏观数据,
无,,,输入参数,macro_global_sox_index,其他宏观数据,
无,,,输入参数,macro_china_yw_electronic_index,其他宏观数据,
无,,,输入参数,macro_china_construction_index,其他宏观数据,
无,,,输入参数,macro_china_construction_price_index,其他宏观数据,
无,,,输入参数,macro_china_lpi_index,其他宏观数据,
无,,,输入参数,macro_china_bdti_index,其他宏观数据,
无,,,输入参数,macro_china_bsi_index,其他宏观数据,
无,,,输入参数,macro_shipping_bci,其他宏观数据,
无,,,输入参数,macro_shipping_bdi,其他宏观数据,
无,,,输入参数,macro_shipping_bpi,其他宏观数据,
无,,,输入参数,macro_shipping_bcti,其他宏观数据,
无,,,输入参数,macro_china_new_financial_credit,中国宏观数据,
无,,,输入参数,macro_china_cpi,中国宏观数据,
无,,,输入参数,macro_china_gdp,中国宏观数据,
无,,,输入参数,macro_china_ppi,其他宏观数据,
无,,,输入参数,macro_china_pmi,其他宏观数据,
无,,,输入参数,macro_china_gdzctz,中国宏观数据,
无,,,输入参数,macro_china_hgjck,中国宏观数据,
无,,,输入参数,macro_china_czsr,中国宏观数据,
无,,,输入参数,macro_china_whxd,其他宏观数据,
无,,,输入参数,macro_china_wbck,其他宏观数据,
无,,,输入参数,macro_china_bond_public,中国宏观数据,
无,,,输入参数,macro_china_xfzxx,其他宏观数据,
无,,,输入参数,macro_china_reserve_requirement_ratio,中国宏观数据,
无,,,输入参数,macro_china_consumer_goods_retail,其他宏观数据,
无,,,输入参数,macro_china_society_electricity,中国宏观数据,
无,,,输入参数,macro_china_society_traffic_volume,中国宏观数据,
无,,,输入参数,macro_china_postal_telecommunicational,中国宏观数据,
无,,,输入参数,macro_china_international_tourism_fx,中国宏观数据,
无,,,输入参数,macro_china_passenger_load_factor,中国宏观数据,
无,,,输入参数,macro_china_freight_index,中国宏观数据,
无,,,输入参数,macro_china_central_bank_balance,中国宏观数据,
无,,,输入参数,macro_china_insurance,中国宏观数据,
无,,,输入参数,macro_china_supply_of_money,中国宏观数据,
无,,,输入参数,macro_china_foreign_exchange_gold,中国宏观数据,
无,,,输入参数,macro_china_retail_price_index,中国宏观数据,
无,,,输入参数,macro_china_real_estate,中国宏观数据,
无,,,输入参数,macro_china_fx_gold,中国宏观数据,
无,,,输入参数,macro_china_money_supply,中国宏观数据,
无,,,输入参数,macro_china_stock_market_cap,其他宏观数据,
无,,,输入参数,macro_china_shibor_all,其他宏观数据,
无,,,输入参数,macro_china_hk_market_info,其他宏观数据,
无,,,输入参数,macro_china_daily_energy,中国宏观数据,
无,,,输入参数,macro_china_rmb,中国宏观数据,
无,,,输入参数,macro_china_market_margin_sz,其他宏观数据,
无,,,输入参数,macro_china_market_margin_sh,其他宏观数据,
无,,,输入参数,macro_china_au_report,其他宏观数据,
无,,,输入参数,macro_stock_finance,其他宏观数据,
无,,,输入参数,macro_rmb_loan,其他宏观数据,
无,,,输入参数,macro_rmb_deposit,其他宏观数据,
无,,,输入参数,macro_china_hk_cpi,中国宏观数据,
无,,,输入参数,macro_china_hk_cpi_ratio,中国宏观数据,
无,,,输入参数,macro_china_hk_rate_of_unemployment,中国宏观数据,
无,,,输入参数,macro_china_hk_gbp,中国宏观数据,
无,,,输入参数,macro_china_hk_gbp_ratio,中国宏观数据,
无,,,输入参数,macro_china_hk_building_volume,中国宏观数据,
无,,,输入参数,macro_china_hk_building_amount,中国宏观数据,
无,,,输入参数,macro_china_hk_trade_diff_ratio,中国宏观数据,
无,,,输入参数,macro_china_hk_ppi,中国宏观数据,
无,,,输入参数,macro_usa_gdp_monthly,美国宏观数据,
无,,,输入参数,macro_usa_cpi_monthly,美国宏观数据,
无,,,输入参数,macro_usa_cpi_yoy,美国宏观数据,
无,,,输入参数,macro_usa_core_cpi_monthly,美国宏观数据,
无,,,输入参数,macro_usa_personal_spending,美国宏观数据,
无,,,输入参数,macro_usa_retail_sales,美国宏观数据,
无,,,输入参数,macro_usa_import_price,美国宏观数据,
无,,,输入参数,macro_usa_export_price,美国宏观数据,
无,,,输入参数,macro_usa_lmci,其他宏观数据,
无,,,输入参数,macro_usa_unemployment_rate,美国宏观数据,
无,,,输入参数,macro_usa_job_cuts,美国宏观数据,
无,,,输入参数,macro_usa_non_farm,美国宏观数据,
无,,,输入参数,macro_usa_adp_employment,美国宏观数据,
无,,,输入参数,macro_usa_core_pce_price,美国宏观数据,
无,,,输入参数,macro_usa_real_consumer_spending,美国宏观数据,
无,,,输入参数,macro_usa_trade_balance,美国宏观数据,
无,,,输入参数,macro_usa_current_account,美国宏观数据,
无,,,输入参数,macro_usa_rig_count,其他宏观数据,
无,,,输入参数,macro_usa_ppi,美国宏观数据,
无,,,输入参数,macro_usa_core_ppi,美国宏观数据,
无,,,输入参数,macro_usa_api_crude_stock,美国宏观数据,
无,,,输入参数,macro_usa_pmi,美国宏观数据,
无,,,输入参数,macro_usa_ism_pmi,美国宏观数据,
无,,,输入参数,macro_usa_industrial_production,美国宏观数据,
无,,,输入参数,macro_usa_durable_goods_orders,美国宏观数据,
无,,,输入参数,macro_usa_factory_orders,美国宏观数据,
无,,,输入参数,macro_usa_services_pmi,美国宏观数据,
无,,,输入参数,macro_usa_business_inventories,美国宏观数据,
无,,,输入参数,macro_usa_ism_non_pmi,美国宏观数据,
无,,,输入参数,macro_usa_nahb_house_market_index,美国宏观数据,
无,,,输入参数,macro_usa_house_starts,美国宏观数据,
无,,,输入参数,macro_usa_new_home_sales,美国宏观数据,
无,,,输入参数,macro_usa_building_permits,美国宏观数据,
无,,,输入参数,macro_usa_exist_home_sales,美国宏观数据,
无,,,输入参数,macro_usa_house_price_index,美国宏观数据,
无,,,输入参数,macro_usa_spcs20,美国宏观数据,
无,,,输入参数,macro_usa_pending_home_sales,美国宏观数据,
无,,,输入参数,macro_usa_phs,美国宏观数据,
无,,,输入参数,macro_usa_cb_consumer_confidence,美国宏观数据,
无,,,输入参数,macro_usa_nfib_small_business,美国宏观数据,
无,,,输入参数,macro_usa_michigan_consumer_sentiment,美国宏观数据,
无,,,输入参数,macro_usa_eia_crude_rate,美国宏观数据,
无,,,输入参数,macro_usa_initial_jobless,美国宏观数据,
无,,,输入参数,macro_usa_crude_inner,美国宏观数据,
无,,,输入参数,macro_euro_gdp_yoy,欧洲宏观数据,
无,,,输入参数,macro_euro_cpi_mom,欧洲宏观数据,
无,,,输入参数,macro_euro_cpi_yoy,欧洲宏观数据,
无,,,输入参数,macro_euro_ppi_mom,欧洲宏观数据,
无,,,输入参数,macro_euro_retail_sales_mom,欧洲宏观数据,
无,,,输入参数,macro_euro_employment_change_qoq,欧洲宏观数据,
无,,,输入参数,macro_euro_unemployment_rate_mom,欧洲宏观数据,
无,,,输入参数,macro_euro_trade_balance,欧洲宏观数据,
无,,,输入参数,macro_euro_current_account_mom,欧洲宏观数据,
无,,,输入参数,macro_euro_industrial_production_mom,欧洲宏观数据,
无,,,输入参数,macro_euro_manufacturing_pmi,欧洲宏观数据,
无,,,输入参数,macro_euro_services_pmi,欧洲宏观数据,
无,,,输入参数,macro_euro_zew_economic_sentiment,欧洲宏观数据,
无,,,输入参数,macro_euro_sentix_investor_confidence,欧洲宏观数据,
无,,,输入参数,macro_germany_ifo,其他宏观数据,
无,,,输入参数,macro_germany_cpi_monthly,其他宏观数据,
无,,,输入参数,macro_germany_cpi_yearly,其他宏观数据,
无,,,输入参数,macro_germany_trade_adjusted,贸易数据,
无,,,输入参数,macro_germany_gdp,GDP相关,
无,,,输入参数,macro_germany_retail_sale_monthly,其他宏观数据,
无,,,输入参数,macro_germany_retail_sale_yearly,其他宏观数据,
无,,,输入参数,macro_germany_zew,其他宏观数据,
无,,,输入参数,macro_swiss_svme,其他宏观数据,
无,,,输入参数,macro_swiss_trade,贸易数据,
无,,,输入参数,macro_swiss_cpi_yearly,其他宏观数据,
无,,,输入参数,macro_swiss_gdp_quarterly,GDP相关,
无,,,输入参数,macro_swiss_gbd_yearly,GDP相关,
无,,,输入参数,macro_swiss_gbd_bank_rate,中国宏观数据,
无,,,输入参数,macro_japan_bank_rate,中国宏观数据,
无,,,输入参数,macro_japan_cpi_yearly,日本宏观数据,
无,,,输入参数,macro_japan_core_cpi_yearly,日本宏观数据,
无,,,输入参数,macro_japan_unemployment_rate,日本宏观数据,
无,,,输入参数,macro_japan_head_indicator,日本宏观数据,
无,,,输入参数,macro_uk_halifax_monthly,其他宏观数据,
无,,,输入参数,macro_uk_halifax_yearly,其他宏观数据,
无,,,输入参数,macro_uk_trade,贸易数据,
无,,,输入参数,macro_uk_bank_rate,中国宏观数据,
无,,,输入参数,macro_uk_core_cpi_yearly,其他宏观数据,
无,,,输入参数,macro_uk_core_cpi_monthly,其他宏观数据,
无,,,输入参数,macro_uk_cpi_yearly,其他宏观数据,
无,,,输入参数,macro_uk_cpi_monthly,其他宏观数据,
无,,,输入参数,macro_uk_retail_monthly,其他宏观数据,
无,,,输入参数,macro_uk_retail_yearly,其他宏观数据,
无,,,输入参数,macro_uk_rightmove_yearly,其他宏观数据,
无,,,输入参数,macro_uk_rightmove_monthly,其他宏观数据,
无,,,输入参数,macro_uk_gdp_quarterly,GDP相关,
无,,,输入参数,macro_uk_gdp_yearly,GDP相关,
无,,,输入参数,macro_uk_unemployment_rate,就业数据,
无,,,输入参数,macro_australia_retail_rate_monthly,其他宏观数据,
无,,,输入参数,macro_australia_trade,贸易数据,
无,,,输入参数,macro_australia_unemployment_rate,就业数据,
无,,,输入参数,macro_australia_ppi_quarterly,其他宏观数据,
无,,,输入参数,macro_australia_cpi_quarterly,其他宏观数据,
无,,,输入参数,macro_australia_cpi_yearly,其他宏观数据,
无,,,输入参数,macro_australia_bank_rate,中国宏观数据,
无,,,输入参数,macro_canada_new_house_rate,其他宏观数据,
无,,,输入参数,macro_canada_unemployment_rate,就业数据,
无,,,输入参数,macro_canada_trade,贸易数据,
无,,,输入参数,macro_canada_retail_rate_monthly,其他宏观数据,
无,,,输入参数,macro_canada_bank_rate,中国宏观数据,
无,,,输入参数,macro_canada_core_cpi_yearly,其他宏观数据,
无,,,输入参数,macro_canada_core_cpi_monthly,其他宏观数据,
无,,,输入参数,macro_canada_cpi_yearly,其他宏观数据,
无,,,输入参数,macro_canada_cpi_monthly,其他宏观数据,
无,,,输入参数,macro_canada_gdp_monthly,GDP相关,
无,,,输入参数,macro_cons_gold,其他宏观数据,
无,,,输入参数,macro_cons_silver,其他宏观数据,
无,,,输入参数,macro_cons_opec_month,其他宏观数据,
无,,,输入参数,macro_euro_lme_holding,其他宏观数据,
无,,,输入参数,macro_euro_lme_stock,其他宏观数据,
无,,,输入参数,macro_usa_cftc_nc_holding,美国宏观数据,
无,,,输入参数,macro_usa_cftc_c_holding,美国宏观数据,
无,,,输入参数,macro_usa_cftc_merchant_currency_holding,美国宏观数据,
无,,,输入参数,macro_usa_cftc_merchant_goods_holding,美国宏观数据,
无,,,输入参数,macro_usa_cme_merchant_goods_holding,其他宏观数据,
无线寻呼用户数,,float,输出参数,macro_china_postal_telecommunicational,中国宏观数据,
无线寻呼用户数同比增长,,float,输出参数,macro_china_postal_telecommunicational,中国宏观数据,
日期,,object,输出参数,macro_china_gdp_yearly,中国宏观数据,2011-01-20
日期,,object,输出参数,macro_china_cpi_yearly,中国宏观数据,1986-02-01
日期,,object,输出参数,macro_china_cpi_monthly,中国宏观数据,1996-02-01
日期,,object,输出参数,macro_china_ppi_yearly,中国宏观数据,1995-08-01
日期,,object,输出参数,macro_china_exports_yoy,中国宏观数据,1982-02-01
日期,,object,输出参数,macro_china_imports_yoy,中国宏观数据,1996-02-01
日期,,object,输出参数,macro_china_trade_balance,中国宏观数据,1981-02-01
日期,,object,输出参数,macro_china_industrial_production_yoy,中国宏观数据,1990-03-01
日期,,object,输出参数,macro_china_pmi_yearly,中国宏观数据,2005-02-01
日期,,object,输出参数,macro_china_cx_pmi_yearly,中国宏观数据,2012-01-20
日期,,object,输出参数,macro_china_cx_services_pmi_yearly,中国宏观数据,2012-04-05
日期,,object,输出参数,macro_china_non_man_pmi,中国宏观数据,2007-02-01
日期,,object,输出参数,macro_china_fx_reserves_yearly,中国宏观数据,2014-01-15
日期,,object,输出参数,macro_china_m2_yearly,中国宏观数据,1998-02-01
日期,,object,输出参数,macro_china_new_house_price,中国宏观数据,2011-01-01
日期,,object,输出参数,macro_china_bank_financing,其他宏观数据,2000-03-01
日期,,object,输出参数,macro_china_insurance_income,其他宏观数据,2004-07-01
日期,,object,输出参数,macro_china_mobile_number,其他宏观数据,2012-01-01
日期,,object,输出参数,macro_china_vegetable_basket,其他宏观数据,2005-09-27
日期,,object,输出参数,macro_china_agricultural_product,其他宏观数据,2005-09-27
日期,,object,输出参数,macro_china_agricultural_index,其他宏观数据,2011-12-05
日期,,object,输出参数,macro_china_energy_index,其他宏观数据,2011-12-05
日期,,object,输出参数,macro_china_commodity_price_index,其他宏观数据,2011-12-05
日期,,object,输出参数,macro_global_sox_index,其他宏观数据,1994-05-04
日期,,object,输出参数,macro_china_yw_electronic_index,其他宏观数据,2006-09-11
日期,,object,输出参数,macro_china_construction_index,其他宏观数据,2011-12-05
日期,,object,输出参数,macro_china_construction_price_index,其他宏观数据,2010-06-15
日期,,object,输出参数,macro_china_lpi_index,其他宏观数据,2013-07-01
日期,,object,输出参数,macro_china_bdti_index,其他宏观数据,2001-12-27
日期,,object,输出参数,macro_china_bsi_index,其他宏观数据,2006-01-03
日期,,object,输出参数,macro_shipping_bci,其他宏观数据,1999-04-30
日期,,object,输出参数,macro_shipping_bdi,其他宏观数据,1988-10-19
日期,,object,输出参数,macro_shipping_bpi,其他宏观数据,1998-12-31
日期,,object,输出参数,macro_shipping_bcti,其他宏观数据,2001-12-27
日期,,object,输出参数,macro_china_swap_rate,中国宏观数据,2024-05-06
日期,,object,输出参数,macro_china_real_estate,中国宏观数据,1998-01-01
日期,,object,输出参数,macro_china_shibor_all,其他宏观数据,2015-05-08
日期,,object,输出参数,macro_china_hk_market_info,其他宏观数据,2017-03-20
日期,,object,输出参数,macro_china_daily_energy,中国宏观数据,2016-01-01
日期,,object,输出参数,macro_china_rmb,中国宏观数据,2018-02-06
日期,,object,输出参数,macro_china_market_margin_sz,其他宏观数据,2010-03-31
日期,,object,输出参数,macro_china_market_margin_sh,其他宏观数据,2010-03-31
日期,,object,输出参数,macro_china_au_report,其他宏观数据,2014-09-05
日期,,object,输出参数,macro_usa_gdp_monthly,美国宏观数据,2008-02-28
日期,,object,输出参数,macro_usa_cpi_monthly,美国宏观数据,1970-01-01
日期,,object,输出参数,macro_usa_core_cpi_monthly,美国宏观数据,1970-01-01
日期,,object,输出参数,macro_usa_personal_spending,美国宏观数据,1970-01-01
日期,,object,输出参数,macro_usa_retail_sales,美国宏观数据,1992-03-01
日期,,object,输出参数,macro_usa_import_price,美国宏观数据,1989-02-01
日期,,object,输出参数,macro_usa_export_price,美国宏观数据,1989-02-01
日期,,object,输出参数,macro_usa_lmci,其他宏观数据,2014-10-06
日期,,object,输出参数,macro_usa_unemployment_rate,美国宏观数据,1970-01-01
日期,,object,输出参数,macro_usa_job_cuts,美国宏观数据,1994-02-01
日期,,object,输出参数,macro_usa_non_farm,美国宏观数据,1970-01-02
日期,,object,输出参数,macro_usa_adp_employment,美国宏观数据,2001-06-01
日期,,object,输出参数,macro_usa_core_pce_price,美国宏观数据,1970-01-01
日期,,object,输出参数,macro_usa_real_consumer_spending,美国宏观数据,2013-11-07
日期,,object,输出参数,macro_usa_trade_balance,美国宏观数据,1970-01-01
日期,,object,输出参数,macro_usa_current_account,美国宏观数据,2008-03-17
日期,,object,输出参数,macro_usa_rig_count,其他宏观数据,1987-07-17
日期,,object,输出参数,macro_usa_ppi,美国宏观数据,2008-02-26
日期,,object,输出参数,macro_usa_core_ppi,美国宏观数据,2008-03-18
日期,,object,输出参数,macro_usa_api_crude_stock,美国宏观数据,2012-03-28
日期,,object,输出参数,macro_usa_pmi,美国宏观数据,2012-06-01
日期,,object,输出参数,macro_usa_ism_pmi,美国宏观数据,1970-01-01
日期,,object,输出参数,macro_usa_industrial_production,美国宏观数据,1970-01-01
日期,,object,输出参数,macro_usa_durable_goods_orders,美国宏观数据,2008-02-27
日期,,object,输出参数,macro_usa_factory_orders,美国宏观数据,1992-04-01
日期,,object,输出参数,macro_usa_services_pmi,美国宏观数据,2012-07-01
日期,,object,输出参数,macro_usa_business_inventories,美国宏观数据,1992-03-01
日期,,object,输出参数,macro_usa_ism_non_pmi,美国宏观数据,1997-08-01
日期,,object,输出参数,macro_usa_nahb_house_market_index,美国宏观数据,1985-02-01
日期,,object,输出参数,macro_usa_house_starts,美国宏观数据,1970-01-01
日期,,object,输出参数,macro_usa_new_home_sales,美国宏观数据,1970-01-01
日期,,object,输出参数,macro_usa_building_permits,美国宏观数据,2008-02-20
日期,,object,输出参数,macro_usa_exist_home_sales,美国宏观数据,1970-01-01
日期,,object,输出参数,macro_usa_house_price_index,美国宏观数据,1991-03-01
日期,,object,输出参数,macro_usa_spcs20,美国宏观数据,2001-02-01
日期,,object,输出参数,macro_usa_pending_home_sales,美国宏观数据,2001-03-01
日期,,object,输出参数,macro_usa_cb_consumer_confidence,美国宏观数据,1970-01-01
日期,,object,输出参数,macro_usa_nfib_small_business,美国宏观数据,1975-02-01
日期,,object,输出参数,macro_usa_michigan_consumer_sentiment,美国宏观数据,1970-03-01
日期,,object,输出参数,macro_usa_eia_crude_rate,美国宏观数据,1982-09-01
日期,,object,输出参数,macro_usa_initial_jobless,美国宏观数据,1970-01-01
日期,,object,输出参数,macro_usa_crude_inner,美国宏观数据,1983-01-07
日期,,object,输出参数,macro_euro_gdp_yoy,欧洲宏观数据,2013-11-14
日期,,object,输出参数,macro_euro_cpi_mom,欧洲宏观数据,1990-03-01
日期,,object,输出参数,macro_euro_cpi_yoy,欧洲宏观数据,1991-02-01
日期,,object,输出参数,macro_euro_ppi_mom,欧洲宏观数据,1981-03-01
日期,,object,输出参数,macro_euro_retail_sales_mom,欧洲宏观数据,2000-03-01
日期,,object,输出参数,macro_euro_employment_change_qoq,欧洲宏观数据,2008-03-17
日期,,object,输出参数,macro_euro_unemployment_rate_mom,欧洲宏观数据,1998-05-01
日期,,object,输出参数,macro_euro_trade_balance,欧洲宏观数据,1999-02-01
日期,,object,输出参数,macro_euro_current_account_mom,欧洲宏观数据,1999-02-01
日期,,object,输出参数,macro_euro_industrial_production_mom,欧洲宏观数据,1991-03-01
日期,,object,输出参数,macro_euro_manufacturing_pmi,欧洲宏观数据,2008-02-22
日期,,object,输出参数,macro_euro_services_pmi,欧洲宏观数据,2008-02-22
日期,,object,输出参数,macro_euro_zew_economic_sentiment,欧洲宏观数据,2008-02-12
日期,,object,输出参数,macro_euro_sentix_investor_confidence,欧洲宏观数据,2002-08-01
日期,,object,输出参数,macro_cons_gold,其他宏观数据,2004-11-19
日期,,object,输出参数,macro_cons_silver,其他宏观数据,2014-12-02
日期,,object,输出参数,macro_cons_opec_month,其他宏观数据,2016/12
日期,,-,输出参数,macro_euro_lme_holding,其他宏观数据,2015-10-22
日期,,-,输出参数,macro_euro_lme_stock,其他宏观数据,2014-07-02
日期,,object,输出参数,macro_usa_cftc_nc_holding,美国宏观数据,1986-01-15
日期,,object,输出参数,macro_usa_cftc_c_holding,美国宏观数据,1986-01-15
日期,,object,输出参数,macro_usa_cftc_merchant_currency_holding,美国宏观数据,1986-01-15
日期,,object,输出参数,macro_usa_cftc_merchant_goods_holding,美国宏观数据,1986-01-15
日期,,object,输出参数,macro_usa_cme_merchant_goods_holding,其他宏观数据,2018-04-05
日期,,object,输出参数,news_economic_baidu,其他宏观数据,2024-11-07
日耗,,float64,输出参数,macro_china_daily_energy,中国宏观数据,64.20
时刻,,object,输出参数,macro_china_swap_rate,中国宏观数据,9:30
时间,,object,输出参数,macro_china_hk_cpi,中国宏观数据,2008年01月
时间,,object,输出参数,macro_china_hk_cpi_ratio,中国宏观数据,2008年01月
时间,,object,输出参数,macro_china_hk_rate_of_unemployment,中国宏观数据,2008年01月
时间,,object,输出参数,macro_china_hk_gbp,中国宏观数据,2008第1季度
时间,,object,输出参数,macro_china_hk_gbp_ratio,中国宏观数据,2008第1季度
时间,,object,输出参数,macro_china_hk_building_volume,中国宏观数据,2008年01月
时间,,object,输出参数,macro_china_hk_building_amount,中国宏观数据,2008年01月
时间,,object,输出参数,macro_china_hk_trade_diff_ratio,中国宏观数据,2008年01月
时间,,object,输出参数,macro_china_hk_ppi,中国宏观数据,2008第1季度
时间,,object,输出参数,macro_usa_cpi_yoy,美国宏观数据,2008-01-01
时间,,object,输出参数,macro_usa_phs,美国宏观数据,2022年10月
时间,,object,输出参数,macro_germany_ifo,其他宏观数据,2008年01月
时间,,object,输出参数,macro_germany_cpi_monthly,其他宏观数据,2008年01月
时间,,object,输出参数,macro_germany_cpi_yearly,其他宏观数据,2008年01月
时间,,object,输出参数,macro_germany_trade_adjusted,贸易数据,2008年01月
时间,,object,输出参数,macro_germany_gdp,GDP相关,2008第1季度
时间,,object,输出参数,macro_germany_retail_sale_monthly,其他宏观数据,2008年01月
时间,,object,输出参数,macro_germany_retail_sale_yearly,其他宏观数据,2008年12月
时间,,object,输出参数,macro_germany_zew,其他宏观数据,2008年01月
时间,,object,输出参数,macro_swiss_svme,其他宏观数据,2007年12月
时间,,object,输出参数,macro_swiss_trade,贸易数据,2007第4季度
时间,,object,输出参数,macro_swiss_cpi_yearly,其他宏观数据,2007第4季度
时间,,object,输出参数,macro_swiss_gdp_quarterly,GDP相关,2007年12月
时间,,object,输出参数,macro_swiss_gbd_yearly,GDP相关,2007年12月
时间,,object,输出参数,macro_swiss_gbd_bank_rate,中国宏观数据,2008年03月
时间,,object,输出参数,macro_japan_bank_rate,中国宏观数据,2008年01月
时间,,object,输出参数,macro_japan_cpi_yearly,日本宏观数据,2008年01月
时间,,object,输出参数,macro_japan_core_cpi_yearly,日本宏观数据,2008年01月
时间,,object,输出参数,macro_japan_unemployment_rate,日本宏观数据,2008年01月
时间,,object,输出参数,macro_japan_head_indicator,日本宏观数据,2008年01月
时间,,object,输出参数,macro_uk_halifax_monthly,其他宏观数据,2008年01月
时间,,object,输出参数,macro_uk_halifax_yearly,其他宏观数据,2008年01月
时间,,object,输出参数,macro_uk_trade,贸易数据,2008年01月
时间,,object,输出参数,macro_uk_bank_rate,中国宏观数据,2008年01月
时间,,object,输出参数,macro_uk_core_cpi_yearly,其他宏观数据,2008年01月
时间,,object,输出参数,macro_uk_core_cpi_monthly,其他宏观数据,2008年01月
时间,,object,输出参数,macro_uk_cpi_yearly,其他宏观数据,2008年01月
时间,,object,输出参数,macro_uk_cpi_monthly,其他宏观数据,2008年01月
时间,,object,输出参数,macro_uk_retail_monthly,其他宏观数据,2008年01月
时间,,object,输出参数,macro_uk_retail_yearly,其他宏观数据,2008年01月
时间,,object,输出参数,macro_uk_rightmove_yearly,其他宏观数据,2008年01月
时间,,object,输出参数,macro_uk_rightmove_monthly,其他宏观数据,2008年01月
时间,,object,输出参数,macro_uk_gdp_quarterly,GDP相关,2008第1季度
时间,,object,输出参数,macro_uk_gdp_yearly,GDP相关,2009第4季度
时间,,object,输出参数,macro_uk_unemployment_rate,就业数据,2008年01月
时间,,object,输出参数,macro_australia_retail_rate_monthly,其他宏观数据,2008年01月
时间,,object,输出参数,macro_australia_trade,贸易数据,2008年01月
时间,,object,输出参数,macro_australia_unemployment_rate,就业数据,2008年01月
时间,,object,输出参数,macro_australia_ppi_quarterly,其他宏观数据,2008年03月
时间,,object,输出参数,macro_australia_cpi_quarterly,其他宏观数据,2008第1季度
时间,,object,输出参数,macro_australia_cpi_yearly,其他宏观数据,2008年03月
时间,,object,输出参数,macro_australia_bank_rate,中国宏观数据,2008年01月
时间,,object,输出参数,macro_canada_new_house_rate,其他宏观数据,2022年10月
时间,,object,输出参数,macro_canada_unemployment_rate,就业数据,2022年11月
时间,,object,输出参数,macro_canada_trade,贸易数据,2022年10月
时间,,object,输出参数,macro_canada_retail_rate_monthly,其他宏观数据,2022年10月
时间,,object,输出参数,macro_canada_bank_rate,中国宏观数据,2022年12月
时间,,object,输出参数,macro_canada_core_cpi_yearly,其他宏观数据,2022年11月
时间,,object,输出参数,macro_canada_core_cpi_monthly,其他宏观数据,2022年11月
时间,,object,输出参数,macro_canada_cpi_yearly,其他宏观数据,2022年11月
时间,,object,输出参数,macro_canada_cpi_monthly,其他宏观数据,2022年10月
时间,,object,输出参数,macro_canada_gdp_monthly,GDP相关,2022年09月
时间,,object,输出参数,macro_info_ws,其他宏观数据,2024-05-14
时间,,object,输出参数,news_economic_baidu,其他宏观数据,01:30
曲线名称,,object,输出参数,macro_china_swap_rate,中国宏观数据,FR007利率互换行情曲线
最低价,,float64,输出参数,macro_china_au_report,其他宏观数据,
最新值,,int64,输出参数,macro_china_bank_financing,其他宏观数据,4
最新值,,int64,输出参数,macro_china_insurance_income,其他宏观数据,0.000000e+00
最新值,,int64,输出参数,macro_china_mobile_number,其他宏观数据,2400.6
最新值,,int64,输出参数,macro_china_vegetable_basket,其他宏观数据,123.80
最新值,,int64,输出参数,macro_china_agricultural_product,其他宏观数据,125.50
最新值,,int64,输出参数,macro_china_agricultural_index,其他宏观数据,995
最新值,,int64,输出参数,macro_china_energy_index,其他宏观数据,1003
最新值,,int64,输出参数,macro_china_commodity_price_index,其他宏观数据,999
最新值,,int64,输出参数,macro_global_sox_index,其他宏观数据,119.0
最新值,,int64,输出参数,macro_china_yw_electronic_index,其他宏观数据,101.34
最新值,,int64,输出参数,macro_china_construction_index,其他宏观数据,1014
最新值,,int64,输出参数,macro_china_construction_price_index,其他宏观数据,1230.40
最新值,,int64,输出参数,macro_china_lpi_index,其他宏观数据,52.4
最新值,,int64,输出参数,macro_china_bdti_index,其他宏观数据,849
最新值,,int64,输出参数,macro_china_bsi_index,其他宏观数据,1819
最新值,,int64,输出参数,macro_shipping_bci,其他宏观数据,940
最新值,,int64,输出参数,macro_shipping_bdi,其他宏观数据,1317
最新值,,int64,输出参数,macro_shipping_bpi,其他宏观数据,732
最新值,,int64,输出参数,macro_shipping_bcti,其他宏观数据,693
最新值,,float64,输出参数,macro_china_real_estate,中国宏观数据,98.60
最高价,,float64,输出参数,macro_china_au_report,其他宏观数据,
月份,,object,输出参数,macro_china_qyspjg,中国宏观数据,2022年09月份
月份,,object,输出参数,macro_china_fdi,中国宏观数据,2008年01月份
月份,,object,输出参数,macro_china_shrzgm,贸易数据,201501
月份,,object,输出参数,macro_china_gyzjz,中国宏观数据,2008年02月份
月份,,object,输出参数,macro_china_new_financial_credit,中国宏观数据,2022年10月份
月份,,object,输出参数,macro_china_cpi,中国宏观数据,2022年10月份
月份,,object,输出参数,macro_china_ppi,其他宏观数据,2022年10月份
月份,,object,输出参数,macro_china_pmi,其他宏观数据,2022年10月份
月份,,object,输出参数,macro_china_gdzctz,中国宏观数据,2022年10月份
月份,,object,输出参数,macro_china_hgjck,中国宏观数据,2022年10月份
月份,,object,输出参数,macro_china_czsr,中国宏观数据,2008年01月份
月份,,object,输出参数,macro_china_whxd,其他宏观数据,2008年01月份
月份,,object,输出参数,macro_china_wbck,其他宏观数据,2022年10月份
月份,,object,输出参数,macro_china_xfzxx,其他宏观数据,2022年09月份
月份,,object,输出参数,macro_china_consumer_goods_retail,其他宏观数据,2022年10月份
月份,,object,输出参数,macro_china_fx_gold,中国宏观数据,2008年01月份
月份,,object,输出参数,macro_china_money_supply,中国宏观数据,2022年10月份
月份,,object,输出参数,macro_stock_finance,其他宏观数据,2023-05
月份,,object,输出参数,macro_rmb_loan,其他宏观数据,2023-04
月份,,object,输出参数,macro_rmb_deposit,其他宏观数据,2023-04
本地电话期末用户数,,float,输出参数,macro_china_postal_telecommunicational,中国宏观数据,
本地电话期末用户数同比增长,,float,输出参数,macro_china_postal_telecommunicational,中国宏观数据,
欧佩克产量,,float64,输出参数,macro_cons_opec_month,其他宏观数据,3302.9
欧元/人民币_中间价,_,float64,输出参数,macro_china_rmb,中国宏观数据,
欧元/人民币_涨跌幅,_,float64,输出参数,macro_china_rmb,中国宏观数据,
比重,,float64,输出参数,macro_china_international_tourism_fx,中国宏观数据,12.2
民航总周转量,,float64,输出参数,macro_china_society_traffic_volume,中国宏观数据,29.9
汇票,,float,输出参数,macro_china_postal_telecommunicational,中国宏观数据,
汇票同比增长,,float,输出参数,macro_china_postal_telecommunicational,中国宏观数据,
沙特,,float64,输出参数,macro_cons_opec_month,其他宏观数据,1044.3
油轮运价指数原油运价指数BDTI,BDTI,float64,输出参数,macro_china_freight_index,中国宏观数据,NaN
油轮运价指数成品油运价指数BCTI,BCTI,float64,输出参数,macro_china_freight_index,中国宏观数据,NaN
沿海主要港口货物吞吐量,,float64,输出参数,macro_china_society_traffic_volume,中国宏观数据,
沿海主要港口货物吞吐量同比增长,,float64,输出参数,macro_china_society_traffic_volume,中国宏观数据,
沿海六大电库存,,float64,输出参数,macro_china_daily_energy,中国宏观数据,1167.60
波罗的海好望角型船运价指数BCI,BCI,float64,输出参数,macro_china_freight_index,中国宏观数据,4328.0
波罗的海综合运价指数BDI,BDI,float64,输出参数,macro_china_freight_index,中国宏观数据,
波罗的海超级大灵便型船BSI指数,BSI,float64,输出参数,macro_china_freight_index,中国宏观数据,
活期存款,,float64,输出参数,macro_china_central_bank_balance,中国宏观数据,
活期存款,,float64,输出参数,macro_china_supply_of_money,中国宏观数据,
活期存款同比增长,,float64,输出参数,macro_china_supply_of_money,中国宏观数据,
流通中现金(M0),M0,float64,输出参数,macro_china_supply_of_money,中国宏观数据,
流通中现金(M0)同比增长,M0,float64,输出参数,macro_china_supply_of_money,中国宏观数据,
流通中的现金(M0)-同比增长,M0,float64,输出参数,macro_china_money_supply,中国宏观数据,14.30
流通中的现金(M0)-数量(亿元),M0,float64,输出参数,macro_china_money_supply,中国宏观数据,
流通中的现金(M0)-环比增长,M0,float64,输出参数,macro_china_money_supply,中国宏观数据,-0.258787
消息公布次日指数涨跌-上证,,float64,输出参数,macro_china_reserve_requirement_ratio,中国宏观数据,
消息公布次日指数涨跌-深证,,float64,输出参数,macro_china_reserve_requirement_ratio,中国宏观数据,
消费者信心指数-同比增长,,float64,输出参数,macro_china_xfzxx,其他宏观数据,
消费者信心指数-指数值,,float64,输出参数,macro_china_xfzxx,其他宏观数据,87.2
消费者信心指数-环比增长,,float64,输出参数,macro_china_xfzxx,其他宏观数据,
消费者满意指数-同比增长,,float64,输出参数,macro_china_xfzxx,其他宏观数据,
消费者满意指数-指数值,,float64,输出参数,macro_china_xfzxx,其他宏观数据,
消费者满意指数-环比增长,,float64,输出参数,macro_china_xfzxx,其他宏观数据,
消费者预期指数-同比增长,,float64,输出参数,macro_china_xfzxx,其他宏观数据,-28.995984
消费者预期指数-指数值,,float64,输出参数,macro_china_xfzxx,其他宏观数据,
消费者预期指数-环比增长,,float64,输出参数,macro_china_xfzxx,其他宏观数据,0.568828
涨跌,,float64,输出参数,macro_china_au_report,其他宏观数据,
涨跌幅,,float64,输出参数,macro_china_bank_financing,其他宏观数据,NaN
涨跌幅,,float64,输出参数,macro_china_insurance_income,其他宏观数据,NaN
涨跌幅,,float64,输出参数,macro_china_mobile_number,其他宏观数据,NaN
涨跌幅,,float64,输出参数,macro_china_vegetable_basket,其他宏观数据,NaN
涨跌幅,,float64,输出参数,macro_china_agricultural_product,其他宏观数据,NaN
涨跌幅,,float64,输出参数,macro_china_agricultural_index,其他宏观数据,NaN
涨跌幅,,float64,输出参数,macro_china_energy_index,其他宏观数据,NaN
涨跌幅,,float64,输出参数,macro_china_commodity_price_index,其他宏观数据,NaN
涨跌幅,,float64,输出参数,macro_global_sox_index,其他宏观数据,NaN
涨跌幅,,float64,输出参数,macro_china_yw_electronic_index,其他宏观数据,NaN
涨跌幅,,float64,输出参数,macro_china_construction_index,其他宏观数据,NaN
涨跌幅,,float64,输出参数,macro_china_construction_price_index,其他宏观数据,NaN
涨跌幅,,float64,输出参数,macro_china_lpi_index,其他宏观数据,NaN
涨跌幅,,float64,输出参数,macro_china_bdti_index,其他宏观数据,NaN
涨跌幅,,float64,输出参数,macro_china_bsi_index,其他宏观数据,NaN
涨跌幅,,float64,输出参数,macro_shipping_bci,其他宏观数据,NaN
涨跌幅,,float64,输出参数,macro_shipping_bdi,其他宏观数据,NaN
涨跌幅,,float64,输出参数,macro_shipping_bpi,其他宏观数据,NaN
涨跌幅,,float64,输出参数,macro_shipping_bcti,其他宏观数据,NaN
涨跌幅,,float64,输出参数,macro_china_real_estate,中国宏观数据,NaN
涨跌幅,,float64,输出参数,macro_china_au_report,其他宏观数据,
混合钻井_变化,_,float64,输出参数,macro_usa_rig_count,其他宏观数据,NaN
混合钻井_钻井数,_,float64,输出参数,macro_usa_rig_count,其他宏观数据,
港元/人民币_中间价,_,float64,输出参数,macro_china_rmb,中国宏观数据,
港元/人民币_涨跌幅,_,float64,输出参数,macro_china_rmb,中国宏观数据,
澳元-净仓位,,float64,输出参数,macro_usa_cftc_nc_holding,美国宏观数据,0.0
澳元-净仓位,,float64,输出参数,macro_usa_cftc_merchant_currency_holding,美国宏观数据,0.0
澳元/人民币_中间价,_,float64,输出参数,macro_china_rmb,中国宏观数据,
澳元/人民币_涨跌幅,_,float64,输出参数,macro_china_rmb,中国宏观数据,
灵便型船综合运价指数BHMI,BHMI,float64,输出参数,macro_china_freight_index,中国宏观数据,
煤油电-同比增长,,float64,输出参数,macro_china_qyspjg,中国宏观数据,-4.931973
煤油电-指数值,,float64,输出参数,macro_china_qyspjg,中国宏观数据,111.80
煤油电-环比增长,,float64,输出参数,macro_china_qyspjg,中国宏观数据,-2.272727
特快专递,,float,输出参数,macro_china_postal_telecommunicational,中国宏观数据,
特快专递同比增长,,float,输出参数,macro_china_postal_telecommunicational,中国宏观数据,
玉米-净仓位,,float64,输出参数,macro_usa_cftc_c_holding,美国宏观数据,29050.0
玉米-净仓位,,float64,输出参数,macro_usa_cftc_merchant_goods_holding,美国宏观数据,-25.0
环比增长,,float64,输出参数,macro_china_gdzctz,中国宏观数据,-7.84
环比增长,,float64,输出参数,macro_china_whxd,其他宏观数据,1789.29
环比增长,,float64,输出参数,macro_china_wbck,其他宏观数据,-110.068013
环比增长,,float64,输出参数,macro_china_consumer_goods_retail,其他宏观数据,6.692277
现值,,float64,输出参数,macro_china_hk_cpi,中国宏观数据,77.9
现值,,float64,输出参数,macro_china_hk_cpi_ratio,中国宏观数据,3.2
现值,,float64,输出参数,macro_china_hk_rate_of_unemployment,中国宏观数据,3.4
现值,,float64,输出参数,macro_china_hk_gbp,中国宏观数据,418762.0
现值,,float64,输出参数,macro_china_hk_gbp_ratio,中国宏观数据,9.7
现值,,float64,输出参数,macro_china_hk_building_volume,中国宏观数据,16984.0
现值,,float64,输出参数,macro_china_hk_building_amount,中国宏观数据,67774.0
现值,,float64,输出参数,macro_china_hk_trade_diff_ratio,中国宏观数据,-69.070295
现值,,float64,输出参数,macro_china_hk_ppi,中国宏观数据,5.9
现值,,float64,输出参数,macro_usa_cpi_yoy,美国宏观数据,4.3
现值,,float64,输出参数,macro_usa_phs,美国宏观数据,-5.9
现值,,float64,输出参数,macro_germany_ifo,其他宏观数据,97.9
现值,,float64,输出参数,macro_germany_cpi_monthly,其他宏观数据,-0.4
现值,,float64,输出参数,macro_germany_cpi_yearly,其他宏观数据,2.9
现值,,float64,输出参数,macro_germany_trade_adjusted,贸易数据,17.2
现值,,float64,输出参数,macro_germany_gdp,GDP相关,2.891346
现值,,float64,输出参数,macro_germany_retail_sale_monthly,其他宏观数据,4.4
现值,,float64,输出参数,macro_germany_retail_sale_yearly,其他宏观数据,3.9
现值,,float64,输出参数,macro_germany_zew,其他宏观数据,-41.6
现值,,float64,输出参数,macro_swiss_svme,其他宏观数据,62.2
现值,,float64,输出参数,macro_swiss_trade,贸易数据,1.980
现值,,float64,输出参数,macro_swiss_cpi_yearly,其他宏观数据,2.0
现值,,float64,输出参数,macro_swiss_gdp_quarterly,GDP相关,1.0
现值,,float64,输出参数,macro_swiss_gbd_yearly,GDP相关,3.6
现值,,float64,输出参数,macro_swiss_gbd_bank_rate,中国宏观数据,2.75
现值,,float64,输出参数,macro_japan_bank_rate,中国宏观数据,0.5
现值,,float64,输出参数,macro_japan_cpi_yearly,日本宏观数据,0.7
现值,,float64,输出参数,macro_japan_core_cpi_yearly,日本宏观数据,-0.1
现值,,float64,输出参数,macro_japan_unemployment_rate,日本宏观数据,3.9
现值,,float64,输出参数,macro_japan_head_indicator,日本宏观数据,102.1
现值,,float64,输出参数,macro_uk_halifax_monthly,其他宏观数据,-0.4
现值,,float64,输出参数,macro_uk_halifax_yearly,其他宏观数据,4.5
现值,,float64,输出参数,macro_uk_trade,贸易数据,-3750
现值,,float64,输出参数,macro_uk_bank_rate,中国宏观数据,5.50
现值,,float64,输出参数,macro_uk_core_cpi_yearly,其他宏观数据,1.3
现值,,float64,输出参数,macro_uk_core_cpi_monthly,其他宏观数据,-1.0
现值,,float64,输出参数,macro_uk_cpi_yearly,其他宏观数据,2.228682
现值,,float64,输出参数,macro_uk_cpi_monthly,其他宏观数据,-1.0
现值,,float64,输出参数,macro_uk_retail_monthly,其他宏观数据,0.8
现值,,float64,输出参数,macro_uk_retail_yearly,其他宏观数据,5.6
现值,,float64,输出参数,macro_uk_rightmove_yearly,其他宏观数据,3.4
现值,,float64,输出参数,macro_uk_rightmove_monthly,其他宏观数据,-0.8
现值,,float64,输出参数,macro_uk_gdp_quarterly,GDP相关,0.4
现值,,float64,输出参数,macro_uk_gdp_yearly,GDP相关,1.1
现值,,float64,输出参数,macro_uk_unemployment_rate,就业数据,5.21
现值,,float64,输出参数,macro_australia_retail_rate_monthly,其他宏观数据,-23.6
现值,,float64,输出参数,macro_australia_trade,贸易数据,-3854
现值,,float64,输出参数,macro_australia_unemployment_rate,就业数据,4.221168
现值,,float64,输出参数,macro_australia_ppi_quarterly,其他宏观数据,1.9
现值,,float64,输出参数,macro_australia_cpi_quarterly,其他宏观数据,1.3
现值,,float64,输出参数,macro_australia_cpi_yearly,其他宏观数据,4.3
现值,,float64,输出参数,macro_australia_bank_rate,中国宏观数据,7.00
现值,,float64,输出参数,macro_canada_new_house_rate,其他宏观数据,26.71
现值,,float64,输出参数,macro_canada_unemployment_rate,就业数据,NaN
现值,,float64,输出参数,macro_canada_trade,贸易数据,NaN
现值,,float64,输出参数,macro_canada_retail_rate_monthly,其他宏观数据,NaN
现值,,float64,输出参数,macro_canada_bank_rate,中国宏观数据,NaN
现值,,float64,输出参数,macro_canada_core_cpi_yearly,其他宏观数据,NaN
现值,,float64,输出参数,macro_canada_core_cpi_monthly,其他宏观数据,NaN
现值,,float64,输出参数,macro_canada_cpi_yearly,其他宏观数据,NaN
现值,,float64,输出参数,macro_canada_cpi_monthly,其他宏观数据,0.720367
现值,,float64,输出参数,macro_canada_gdp_monthly,GDP相关,NaN
瑞郎/人民币_中间价,_,float64,输出参数,macro_china_rmb,中国宏观数据,
瑞郎/人民币_涨跌幅,_,float64,输出参数,macro_china_rmb,中国宏观数据,
生效时间,,object,输出参数,macro_china_reserve_requirement_ratio,中国宏观数据,
电信业务总量,,float,输出参数,macro_china_postal_telecommunicational,中国宏观数据,
电信业务总量同比增长,,float,输出参数,macro_china_postal_telecommunicational,中国宏观数据,
省市地区,,object,输出参数,macro_china_insurance,中国宏观数据,新疆
矿产品-同比增长,,float64,输出参数,macro_china_qyspjg,中国宏观数据,
矿产品-指数值,,float64,输出参数,macro_china_qyspjg,中国宏观数据,
矿产品-环比增长,,float64,输出参数,macro_china_qyspjg,中国宏观数据,
社会融资规模增量,,float64,输出参数,macro_china_shrzgm,贸易数据,20516
科威特,,float64,输出参数,macro_cons_opec_month,其他宏观数据,
移动电话用户数,,float,输出参数,macro_china_postal_telecommunicational,中国宏观数据,
移动电话用户数同比增长,,float,输出参数,macro_china_postal_telecommunicational,中国宏观数据,
税收收入合计,,float64,输出参数,macro_china_national_tax_receipts,中国宏观数据,124365.00
第一产业-同比增长,,float64,输出参数,macro_china_gdp,中国宏观数据,
第一产业-绝对值,,float64,输出参数,macro_china_gdp,中国宏观数据,
第一产业用电量,,float64,输出参数,macro_china_society_electricity,中国宏观数据,
第一产业用电量同比,,float64,输出参数,macro_china_society_electricity,中国宏观数据,
第三产业-同比增长,,float64,输出参数,macro_china_gdp,中国宏观数据,15.6
第三产业-绝对值,,float64,输出参数,macro_china_gdp,中国宏观数据,145355.0
第三产业用电量,,float64,输出参数,macro_china_society_electricity,中国宏观数据,
第三产业用电量同比,,float64,输出参数,macro_china_society_electricity,中国宏观数据,
第二产业-同比增长,,float64,输出参数,macro_china_gdp,中国宏观数据,24.4
第二产业-绝对值,,float64,输出参数,macro_china_gdp,中国宏观数据,
第二产业用电量,,float64,输出参数,macro_china_society_electricity,中国宏观数据,
第二产业用电量同比,,float64,输出参数,macro_china_society_electricity,中国宏观数据,
累计,,float64,输出参数,macro_china_fdi,中国宏观数据,11200250
累计,,float64,输出参数,macro_china_new_financial_credit,中国宏观数据,183298.0
累计,,float64,输出参数,macro_china_ppi,其他宏观数据,105.2000
累计,,float64,输出参数,macro_china_czsr,中国宏观数据,7396.64
累计,,float64,输出参数,macro_china_whxd,其他宏观数据,2367.31
累计,,float64,输出参数,macro_china_wbck,其他宏观数据,2610227.88
累计,,float64,输出参数,macro_china_consumer_goods_retail,其他宏观数据,360575.0
累计-同比增长,,float64,输出参数,macro_china_fdi,中国宏观数据,109.78
累计-同比增长,,float64,输出参数,macro_china_new_financial_credit,中国宏观数据,4.127067
累计-同比增长,,float64,输出参数,macro_china_czsr,中国宏观数据,42.4
累计-同比增长,,float64,输出参数,macro_china_consumer_goods_retail,其他宏观数据,0.6
累计人民币贷款-同比,,object,输出参数,macro_rmb_loan,其他宏观数据,12.15%
累计人民币贷款-总额,,float64,输出参数,macro_rmb_loan,其他宏观数据,2261643.47
累计出口额-同比增长,,float64,输出参数,macro_china_hgjck,中国宏观数据,11.1
累计出口额-金额,,float64,输出参数,macro_china_hgjck,中国宏观数据,
累计增长,,float64,输出参数,macro_china_gyzjz,中国宏观数据,15.4
累计进口额-同比增长,,float64,输出参数,macro_china_hgjck,中国宏观数据,3.5
累计进口额-金额,,float64,输出参数,macro_china_hgjck,中国宏观数据,2.264551e+09
纽约原油-多头仓位,,float64,输出参数,macro_usa_cftc_c_holding,美国宏观数据,0.0
纽约原油-多头仓位,,float64,输出参数,macro_usa_cftc_merchant_goods_holding,美国宏观数据,0.0
统计对象,,object,输出参数,macro_china_society_traffic_volume,中国宏观数据,国际航线
统计年度,,object,输出参数,macro_china_international_tourism_fx,中国宏观数据,2019
统计年度,,object,输出参数,macro_china_passenger_load_factor,中国宏观数据,
统计时间,,object,输出参数,macro_china_society_electricity,中国宏观数据,2003.12
统计时间,,object,输出参数,macro_china_society_traffic_volume,中国宏观数据,2023.7
统计时间,,str,输出参数,macro_china_postal_telecommunicational,中国宏观数据,2023.7
统计时间,,object,输出参数,macro_china_central_bank_balance,中国宏观数据,2023.7
统计时间,,object,输出参数,macro_china_insurance,中国宏观数据,2023.7
统计时间,,object,输出参数,macro_china_supply_of_money,中国宏观数据,2020.8
统计时间,,object,输出参数,macro_china_foreign_exchange_gold,中国宏观数据,1978.12
统计月份,,object,输出参数,macro_china_retail_price_index,中国宏观数据,2020.8
美元-多头仓位,,float64,输出参数,macro_usa_cftc_nc_holding,美国宏观数据,0.0
美元-多头仓位,,float64,输出参数,macro_usa_cftc_merchant_currency_holding,美国宏观数据,0.0
美元/人民币_中间价,_,float64,输出参数,macro_china_rmb,中国宏观数据,6.3072
美元/人民币_涨跌幅,_,float64,输出参数,macro_china_rmb,中国宏观数据,0.0
美国国内原油总量-产量,,float64,输出参数,macro_usa_crude_inner,美国宏观数据,863.4
美国国内原油总量-变化,,float64,输出参数,macro_usa_crude_inner,美国宏观数据,
美国天然气钻井_变化,_,float64,输出参数,macro_usa_rig_count,其他宏观数据,NaN
美国天然气钻井_钻井数,_,float64,输出参数,macro_usa_rig_count,其他宏观数据,337.0
美国本土48州原油产量-产量,,float64,输出参数,macro_usa_crude_inner,美国宏观数据,
美国本土48州原油产量-变化,,float64,输出参数,macro_usa_crude_inner,美国宏观数据,
美国石油钻井_变化,_,float64,输出参数,macro_usa_rig_count,其他宏观数据,
美国石油钻井_钻井数,_,float64,输出参数,macro_usa_rig_count,其他宏观数据,
美国阿拉斯加州原油产量-产量,,float64,输出参数,macro_usa_crude_inner,美国宏观数据,0.0
美国阿拉斯加州原油产量-变化,,float64,输出参数,macro_usa_crude_inner,美国宏观数据,NaN
自年初累计,,float64,输出参数,macro_china_gdzctz,中国宏观数据,471459.00
自有资金,,float64,输出参数,macro_china_central_bank_balance,中国宏观数据,219.75
英镑/人民币_中间价,_,float64,输出参数,macro_china_rmb,中国宏观数据,
英镑/人民币_涨跌幅,_,float64,输出参数,macro_china_rmb,中国宏观数据,
融券余量,,float64,输出参数,macro_china_market_margin_sz,其他宏观数据,
融券余量,,int64,输出参数,macro_china_market_margin_sh,其他宏观数据,
融券余额,,float64,输出参数,macro_china_market_margin_sz,其他宏观数据,7.089500e+04
融券余额,,int64,输出参数,macro_china_market_margin_sh,其他宏观数据,24142
融券卖出量,,float64,输出参数,macro_china_market_margin_sz,其他宏观数据,
融券卖出量,,int64,输出参数,macro_china_market_margin_sh,其他宏观数据,
融资买入额,,float64,输出参数,macro_china_market_margin_sz,其他宏观数据,6.845690e+05
融资买入额,,int64,输出参数,macro_china_market_margin_sh,其他宏观数据,5866316
融资余额,,float64,输出参数,macro_china_market_margin_sz,其他宏观数据,
融资余额,,int64,输出参数,macro_china_market_margin_sh,其他宏观数据,
融资融券余额,,float64,输出参数,macro_china_market_margin_sz,其他宏观数据,7.416910e+05
融资融券余额,,int64,输出参数,macro_china_market_margin_sh,其他宏观数据,5848955
计划发行量,,float64,输出参数,macro_china_bond_public,中国宏观数据,15.0
计息方式,,object,输出参数,macro_china_bond_public,中国宏观数据,
订销报纸累计数,,float,输出参数,macro_china_postal_telecommunicational,中国宏观数据,
订销报纸累计数同比增长,,float,输出参数,macro_china_postal_telecommunicational,中国宏观数据,
订销杂志累计数,,float,输出参数,macro_china_postal_telecommunicational,中国宏观数据,
订销杂志累计数同比增长,,float,输出参数,macro_china_postal_telecommunicational,中国宏观数据,
财产险保费收入,,float64,输出参数,macro_china_insurance,中国宏观数据,
财产险保费赔付支出,,float64,输出参数,macro_china_insurance,中国宏观数据,
货币(M1)-同比增长,M1,float64,输出参数,macro_china_money_supply,中国宏观数据,
货币(M1)-数量(亿元),M1,float64,输出参数,macro_china_money_supply,中国宏观数据,
货币(M1)-环比增长,M1,float64,输出参数,macro_china_money_supply,中国宏观数据,
货币(狭义货币M1),M1,float64,输出参数,macro_china_supply_of_money,中国宏观数据,
货币(狭义货币M1)同比增长,M1,float64,输出参数,macro_china_supply_of_money,中国宏观数据,
货币和准货币(M2)-同比增长,M2,float64,输出参数,macro_china_money_supply,中国宏观数据,
货币和准货币(M2)-数量(亿元),M2,float64,输出参数,macro_china_money_supply,中国宏观数据,2612914.57
货币和准货币(M2)-环比增长,M2,float64,输出参数,macro_china_money_supply,中国宏观数据,
货币和准货币（广义货币M2）,M2,float64,输出参数,macro_china_supply_of_money,中国宏观数据,2136800.00
货币和准货币（广义货币M2）同比增长,M2,float64,输出参数,macro_china_supply_of_money,中国宏观数据,10.40
货币黄金,,float64,输出参数,macro_china_central_bank_balance,中国宏观数据,
货物周转量,,float64,输出参数,macro_china_society_traffic_volume,中国宏观数据,
货运量,,float64,输出参数,macro_china_society_traffic_volume,中国宏观数据,23.60
货运量同比增长,,float64,输出参数,macro_china_society_traffic_volume,中国宏观数据,
资产总额,,float64,输出参数,macro_china_insurance,中国宏观数据,NaN
载运率,,float64,输出参数,macro_china_passenger_load_factor,中国宏观数据,68.50
较上年同期,,float64,输出参数,macro_china_national_tax_receipts,中国宏观数据,-11.6
近1年涨跌幅,,float64,输出参数,macro_china_bank_financing,其他宏观数据,NaN
近1年涨跌幅,,float64,输出参数,macro_china_insurance_income,其他宏观数据,NaN
近1年涨跌幅,,float64,输出参数,macro_china_mobile_number,其他宏观数据,NaN
近1年涨跌幅,,float64,输出参数,macro_china_vegetable_basket,其他宏观数据,NaN
近1年涨跌幅,,float64,输出参数,macro_china_agricultural_product,其他宏观数据,NaN
近1年涨跌幅,,float64,输出参数,macro_china_agricultural_index,其他宏观数据,NaN
近1年涨跌幅,,float64,输出参数,macro_china_energy_index,其他宏观数据,NaN
近1年涨跌幅,,float64,输出参数,macro_china_commodity_price_index,其他宏观数据,NaN
近1年涨跌幅,,float64,输出参数,macro_global_sox_index,其他宏观数据,NaN
近1年涨跌幅,,float64,输出参数,macro_china_yw_electronic_index,其他宏观数据,NaN
近1年涨跌幅,,float64,输出参数,macro_china_construction_index,其他宏观数据,NaN
近1年涨跌幅,,float64,输出参数,macro_china_construction_price_index,其他宏观数据,NaN
近1年涨跌幅,,float64,输出参数,macro_china_lpi_index,其他宏观数据,NaN
近1年涨跌幅,,float64,输出参数,macro_china_bdti_index,其他宏观数据,NaN
近1年涨跌幅,,float64,输出参数,macro_china_bsi_index,其他宏观数据,NaN
近1年涨跌幅,,float64,输出参数,macro_shipping_bci,其他宏观数据,NaN
近1年涨跌幅,,float64,输出参数,macro_shipping_bdi,其他宏观数据,NaN
近1年涨跌幅,,float64,输出参数,macro_shipping_bpi,其他宏观数据,NaN
近1年涨跌幅,,float64,输出参数,macro_shipping_bcti,其他宏观数据,NaN
近1年涨跌幅,,float64,输出参数,macro_china_real_estate,中国宏观数据,NaN
近2年涨跌幅,,float64,输出参数,macro_china_bank_financing,其他宏观数据,NaN
近2年涨跌幅,,float64,输出参数,macro_china_insurance_income,其他宏观数据,NaN
近2年涨跌幅,,float64,输出参数,macro_china_mobile_number,其他宏观数据,NaN
近2年涨跌幅,,float64,输出参数,macro_china_vegetable_basket,其他宏观数据,NaN
近2年涨跌幅,,float64,输出参数,macro_china_agricultural_product,其他宏观数据,NaN
近2年涨跌幅,,float64,输出参数,macro_china_agricultural_index,其他宏观数据,NaN
近2年涨跌幅,,float64,输出参数,macro_china_energy_index,其他宏观数据,NaN
近2年涨跌幅,,float64,输出参数,macro_china_commodity_price_index,其他宏观数据,NaN
近2年涨跌幅,,float64,输出参数,macro_global_sox_index,其他宏观数据,NaN
近2年涨跌幅,,float64,输出参数,macro_china_yw_electronic_index,其他宏观数据,NaN
近2年涨跌幅,,float64,输出参数,macro_china_construction_index,其他宏观数据,NaN
近2年涨跌幅,,float64,输出参数,macro_china_construction_price_index,其他宏观数据,NaN
近2年涨跌幅,,float64,输出参数,macro_china_lpi_index,其他宏观数据,NaN
近2年涨跌幅,,float64,输出参数,macro_china_bdti_index,其他宏观数据,NaN
近2年涨跌幅,,float64,输出参数,macro_china_bsi_index,其他宏观数据,NaN
近2年涨跌幅,,float64,输出参数,macro_shipping_bci,其他宏观数据,NaN
近2年涨跌幅,,float64,输出参数,macro_shipping_bdi,其他宏观数据,NaN
近2年涨跌幅,,float64,输出参数,macro_shipping_bpi,其他宏观数据,NaN
近2年涨跌幅,,float64,输出参数,macro_shipping_bcti,其他宏观数据,NaN
近2年涨跌幅,,float64,输出参数,macro_china_real_estate,中国宏观数据,NaN
近3年涨跌幅,,float64,输出参数,macro_china_bank_financing,其他宏观数据,NaN
近3年涨跌幅,,float64,输出参数,macro_china_insurance_income,其他宏观数据,NaN
近3年涨跌幅,,float64,输出参数,macro_china_mobile_number,其他宏观数据,NaN
近3年涨跌幅,,float64,输出参数,macro_china_vegetable_basket,其他宏观数据,NaN
近3年涨跌幅,,float64,输出参数,macro_china_agricultural_product,其他宏观数据,NaN
近3年涨跌幅,,float64,输出参数,macro_china_agricultural_index,其他宏观数据,NaN
近3年涨跌幅,,float64,输出参数,macro_china_energy_index,其他宏观数据,NaN
近3年涨跌幅,,float64,输出参数,macro_china_commodity_price_index,其他宏观数据,NaN
近3年涨跌幅,,float64,输出参数,macro_global_sox_index,其他宏观数据,NaN
近3年涨跌幅,,float64,输出参数,macro_china_yw_electronic_index,其他宏观数据,NaN
近3年涨跌幅,,float64,输出参数,macro_china_construction_index,其他宏观数据,NaN
近3年涨跌幅,,float64,输出参数,macro_china_construction_price_index,其他宏观数据,NaN
近3年涨跌幅,,float64,输出参数,macro_china_lpi_index,其他宏观数据,NaN
近3年涨跌幅,,float64,输出参数,macro_china_bdti_index,其他宏观数据,NaN
近3年涨跌幅,,float64,输出参数,macro_china_bsi_index,其他宏观数据,NaN
近3年涨跌幅,,float64,输出参数,macro_shipping_bci,其他宏观数据,NaN
近3年涨跌幅,,float64,输出参数,macro_shipping_bdi,其他宏观数据,NaN
近3年涨跌幅,,float64,输出参数,macro_shipping_bpi,其他宏观数据,NaN
近3年涨跌幅,,float64,输出参数,macro_shipping_bcti,其他宏观数据,NaN
近3年涨跌幅,,float64,输出参数,macro_china_real_estate,中国宏观数据,NaN
近3月涨跌幅,,float64,输出参数,macro_china_bank_financing,其他宏观数据,
近3月涨跌幅,,float64,输出参数,macro_china_insurance_income,其他宏观数据,
近3月涨跌幅,,float64,输出参数,macro_china_mobile_number,其他宏观数据,
近3月涨跌幅,,float64,输出参数,macro_china_vegetable_basket,其他宏观数据,
近3月涨跌幅,,float64,输出参数,macro_china_agricultural_product,其他宏观数据,
近3月涨跌幅,,float64,输出参数,macro_china_agricultural_index,其他宏观数据,
近3月涨跌幅,,float64,输出参数,macro_china_energy_index,其他宏观数据,
近3月涨跌幅,,float64,输出参数,macro_china_commodity_price_index,其他宏观数据,
近3月涨跌幅,,float64,输出参数,macro_global_sox_index,其他宏观数据,
近3月涨跌幅,,float64,输出参数,macro_china_yw_electronic_index,其他宏观数据,NaN
近3月涨跌幅,,float64,输出参数,macro_china_construction_index,其他宏观数据,
近3月涨跌幅,,float64,输出参数,macro_china_construction_price_index,其他宏观数据,
近3月涨跌幅,,float64,输出参数,macro_china_lpi_index,其他宏观数据,
近3月涨跌幅,,float64,输出参数,macro_china_bdti_index,其他宏观数据,
近3月涨跌幅,,float64,输出参数,macro_china_bsi_index,其他宏观数据,
近3月涨跌幅,,float64,输出参数,macro_shipping_bci,其他宏观数据,
近3月涨跌幅,,float64,输出参数,macro_shipping_bdi,其他宏观数据,
近3月涨跌幅,,float64,输出参数,macro_shipping_bpi,其他宏观数据,
近3月涨跌幅,,float64,输出参数,macro_shipping_bcti,其他宏观数据,
近3月涨跌幅,,float64,输出参数,macro_china_real_estate,中国宏观数据,
近6月涨跌幅,,float64,输出参数,macro_china_bank_financing,其他宏观数据,
近6月涨跌幅,,float64,输出参数,macro_china_insurance_income,其他宏观数据,
近6月涨跌幅,,float64,输出参数,macro_china_mobile_number,其他宏观数据,
近6月涨跌幅,,float64,输出参数,macro_china_vegetable_basket,其他宏观数据,
近6月涨跌幅,,float64,输出参数,macro_china_agricultural_product,其他宏观数据,
近6月涨跌幅,,float64,输出参数,macro_china_agricultural_index,其他宏观数据,
近6月涨跌幅,,float64,输出参数,macro_china_energy_index,其他宏观数据,
近6月涨跌幅,,float64,输出参数,macro_china_commodity_price_index,其他宏观数据,
近6月涨跌幅,,float64,输出参数,macro_global_sox_index,其他宏观数据,
近6月涨跌幅,,float64,输出参数,macro_china_yw_electronic_index,其他宏观数据,NaN
近6月涨跌幅,,float64,输出参数,macro_china_construction_index,其他宏观数据,
近6月涨跌幅,,float64,输出参数,macro_china_construction_price_index,其他宏观数据,
近6月涨跌幅,,float64,输出参数,macro_china_lpi_index,其他宏观数据,
近6月涨跌幅,,float64,输出参数,macro_china_bdti_index,其他宏观数据,
近6月涨跌幅,,float64,输出参数,macro_china_bsi_index,其他宏观数据,
近6月涨跌幅,,float64,输出参数,macro_shipping_bci,其他宏观数据,
近6月涨跌幅,,float64,输出参数,macro_shipping_bdi,其他宏观数据,
近6月涨跌幅,,float64,输出参数,macro_shipping_bpi,其他宏观数据,
近6月涨跌幅,,float64,输出参数,macro_shipping_bcti,其他宏观数据,
近6月涨跌幅,,float64,输出参数,macro_china_real_estate,中国宏观数据,
邮政业务总量,,float,输出参数,macro_china_postal_telecommunicational,中国宏观数据,
邮政业务总量同比增长,,float,输出参数,macro_china_postal_telecommunicational,中国宏观数据,
邮政储蓄期末余额,,float,输出参数,macro_china_postal_telecommunicational,中国宏观数据,
邮政储蓄期末余额同比增长,,float,输出参数,macro_china_postal_telecommunicational,中国宏观数据,
邮电业务总量,,float,输出参数,macro_china_postal_telecommunicational,中国宏观数据,NaN
邮电业务总量同比增长,,float,输出参数,macro_china_postal_telecommunicational,中国宏观数据,NaN
配股募集资金,,float64,输出参数,macro_stock_finance,其他宏观数据,NaN
重要性,,int64,输出参数,macro_info_ws,其他宏观数据,
重要性,,float64,输出参数,news_economic_baidu,其他宏观数据,1
金融性公司存款,,float64,输出参数,macro_china_central_bank_balance,中国宏观数据,
金融部门负债方,,float64,输出参数,macro_cnbs,中国宏观数据,7.2
金融部门资产方,,float64,输出参数,macro_cnbs,中国宏观数据,7.8
钟长途电话通话时长同比增长,,float,输出参数,macro_china_postal_telecommunicational,中国宏观数据,
钻井总数_变化,_,float64,输出参数,macro_usa_rig_count,其他宏观数据,NaN
钻井总数_钻井数,_,float64,输出参数,macro_usa_rig_count,其他宏观数据,922.0
铜-多头仓位,,-,输出参数,macro_euro_lme_holding,其他宏观数据,107991.00
铜-库存,,-,输出参数,macro_euro_lme_stock,其他宏观数据,156775
铝-净仓位,,-,输出参数,macro_euro_lme_holding,其他宏观数据,631726.00
银行存款,,float64,输出参数,macro_china_insurance,中国宏观数据,
链接,,object,输出参数,macro_info_ws,其他宏观数据,...
镍-注销仓单,,-,输出参数,macro_euro_lme_stock,其他宏观数据,112722
长途电话通话时长,,float,输出参数,macro_china_postal_telecommunicational,中国宏观数据,
阿尔及利亚,,float64,输出参数,macro_cons_opec_month,其他宏观数据,108.7
阿联酋,,float64,输出参数,macro_cons_opec_month,其他宏观数据,309.0
集邮业务,,float,输出参数,macro_china_postal_telecommunicational,中国宏观数据,
集邮业务同比增长,,float,输出参数,macro_china_postal_telecommunicational,中国宏观数据,
零售商品价格指数,,float64,输出参数,macro_china_retail_price_index,中国宏观数据,100.10
非制造业-同比增长,,float64,输出参数,macro_china_pmi,其他宏观数据,-7.061069
非制造业-指数,,float64,输出参数,macro_china_pmi,其他宏观数据,48.7
非金融企业部门,,float64,输出参数,macro_cnbs,中国宏观数据,90.0
非金融性公司存款,,float64,输出参数,macro_china_central_bank_balance,中国宏观数据,
预期,,float64,输出参数,macro_info_ws,其他宏观数据,
预期,,float64,输出参数,news_economic_baidu,其他宏观数据,NaN
预测值,,float64,输出参数,macro_china_gdp_yearly,中国宏观数据,9.5
预测值,,float64,输出参数,macro_china_cpi_yearly,中国宏观数据,NaN
预测值,,float64,输出参数,macro_china_cpi_monthly,中国宏观数据,NaN
预测值,,float64,输出参数,macro_china_ppi_yearly,中国宏观数据,NaN
预测值,,float64,输出参数,macro_china_exports_yoy,中国宏观数据,NaN
预测值,,float64,输出参数,macro_china_imports_yoy,中国宏观数据,NaN
预测值,,float64,输出参数,macro_china_trade_balance,中国宏观数据,NaN
预测值,,float64,输出参数,macro_china_industrial_production_yoy,中国宏观数据,NaN
预测值,,float64,输出参数,macro_china_pmi_yearly,中国宏观数据,NaN
预测值,,float64,输出参数,macro_china_cx_pmi_yearly,中国宏观数据,NaN
预测值,,float64,输出参数,macro_china_cx_services_pmi_yearly,中国宏观数据,NaN
预测值,,float64,输出参数,macro_china_non_man_pmi,中国宏观数据,NaN
预测值,,float64,输出参数,macro_china_fx_reserves_yearly,中国宏观数据,38000.0
预测值,,float64,输出参数,macro_china_m2_yearly,中国宏观数据,NaN
预测值,,float64,输出参数,macro_usa_gdp_monthly,美国宏观数据,0.7
预测值,,float64,输出参数,macro_usa_cpi_monthly,美国宏观数据,NaN
预测值,,float64,输出参数,macro_usa_core_cpi_monthly,美国宏观数据,NaN
预测值,,float64,输出参数,macro_usa_personal_spending,美国宏观数据,NaN
预测值,,float64,输出参数,macro_usa_retail_sales,美国宏观数据,NaN
预测值,,float64,输出参数,macro_usa_import_price,美国宏观数据,NaN
预测值,,float64,输出参数,macro_usa_export_price,美国宏观数据,NaN
预测值,,float64,输出参数,macro_usa_lmci,其他宏观数据,NaN
预测值,,float64,输出参数,macro_usa_unemployment_rate,美国宏观数据,NaN
预测值,,float64,输出参数,macro_usa_job_cuts,美国宏观数据,NaN
预测值,,float64,输出参数,macro_usa_non_farm,美国宏观数据,NaN
预测值,,float64,输出参数,macro_usa_adp_employment,美国宏观数据,NaN
预测值,,float64,输出参数,macro_usa_core_pce_price,美国宏观数据,NaN
预测值,,float64,输出参数,macro_usa_real_consumer_spending,美国宏观数据,1.6
预测值,,float64,输出参数,macro_usa_trade_balance,美国宏观数据,NaN
预测值,,float64,输出参数,macro_usa_current_account,美国宏观数据,-1840.0
预测值,,float64,输出参数,macro_usa_ppi,美国宏观数据,0.4
预测值,,float64,输出参数,macro_usa_core_ppi,美国宏观数据,0.2
预测值,,float64,输出参数,macro_usa_api_crude_stock,美国宏观数据,277.0
预测值,,float64,输出参数,macro_usa_pmi,美国宏观数据,NaN
预测值,,float64,输出参数,macro_usa_ism_pmi,美国宏观数据,NaN
预测值,,float64,输出参数,macro_usa_industrial_production,美国宏观数据,NaN
预测值,,float64,输出参数,macro_usa_durable_goods_orders,美国宏观数据,-4.0
预测值,,float64,输出参数,macro_usa_factory_orders,美国宏观数据,NaN
预测值,,float64,输出参数,macro_usa_services_pmi,美国宏观数据,NaN
预测值,,float64,输出参数,macro_usa_business_inventories,美国宏观数据,NaN
预测值,,float64,输出参数,macro_usa_ism_non_pmi,美国宏观数据,NaN
预测值,,float64,输出参数,macro_usa_nahb_house_market_index,美国宏观数据,NaN
预测值,,float64,输出参数,macro_usa_house_starts,美国宏观数据,NaN
预测值,,float64,输出参数,macro_usa_new_home_sales,美国宏观数据,NaN
预测值,,float64,输出参数,macro_usa_building_permits,美国宏观数据,105.0
预测值,,float64,输出参数,macro_usa_exist_home_sales,美国宏观数据,NaN
预测值,,float64,输出参数,macro_usa_house_price_index,美国宏观数据,NaN
预测值,,float64,输出参数,macro_usa_spcs20,美国宏观数据,NaN
预测值,,float64,输出参数,macro_usa_pending_home_sales,美国宏观数据,NaN
预测值,,float64,输出参数,macro_usa_cb_consumer_confidence,美国宏观数据,NaN
预测值,,float64,输出参数,macro_usa_nfib_small_business,美国宏观数据,NaN
预测值,,float64,输出参数,macro_usa_michigan_consumer_sentiment,美国宏观数据,NaN
预测值,,float64,输出参数,macro_usa_eia_crude_rate,美国宏观数据,NaN
预测值,,float64,输出参数,macro_usa_initial_jobless,美国宏观数据,NaN
预测值,,float64,输出参数,macro_euro_gdp_yoy,欧洲宏观数据,-0.3
预测值,,float64,输出参数,macro_euro_cpi_mom,欧洲宏观数据,NaN
预测值,,float64,输出参数,macro_euro_cpi_yoy,欧洲宏观数据,NaN
预测值,,float64,输出参数,macro_euro_ppi_mom,欧洲宏观数据,NaN
预测值,,float64,输出参数,macro_euro_retail_sales_mom,欧洲宏观数据,NaN
预测值,,float64,输出参数,macro_euro_employment_change_qoq,欧洲宏观数据,0.0
预测值,,float64,输出参数,macro_euro_unemployment_rate_mom,欧洲宏观数据,NaN
预测值,,float64,输出参数,macro_euro_trade_balance,欧洲宏观数据,NaN
预测值,,float64,输出参数,macro_euro_current_account_mom,欧洲宏观数据,NaN
预测值,,float64,输出参数,macro_euro_industrial_production_mom,欧洲宏观数据,NaN
预测值,,float64,输出参数,macro_euro_manufacturing_pmi,欧洲宏观数据,52.5
预测值,,float64,输出参数,macro_euro_services_pmi,欧洲宏观数据,51.0
预测值,,float64,输出参数,macro_euro_zew_economic_sentiment,欧洲宏观数据,-43.0
预测值,,float64,输出参数,macro_euro_sentix_investor_confidence,欧洲宏观数据,NaN
首发募集资金,,float64,输出参数,macro_stock_finance,其他宏观数据,368.03
黄金储备,,float64,输出参数,macro_china_foreign_exchange_gold,中国宏观数据,1280.00
黄金储备-同比,,float64,输出参数,macro_china_fx_gold,中国宏观数据,NaN
黄金储备-数值,,float64,输出参数,macro_china_fx_gold,中国宏观数据,NaN
黄金储备-环比,,float64,输出参数,macro_china_fx_gold,中国宏观数据,NaN
