参数名,参数英文名,类型,参数类型,接口名,接口类型
-,,-,输出参数,macro_china_nbs_nation,中国宏观数据
-,,-,输出参数,macro_china_nbs_region,中国宏观数据
...,,-,输出参数,macro_euro_lme_holding,其他宏观数据
...,,...,输出参数,macro_euro_lme_stock,其他宏观数据
...,,...,输出参数,macro_usa_cftc_nc_holding,美国宏观数据
...,,...,输出参数,macro_usa_cftc_c_holding,美国宏观数据
...,,...,输出参数,macro_usa_cftc_merchant_currency_holding,美国宏观数据
...,,...,输出参数,macro_usa_cftc_merchant_goods_holding,美国宏观数据
100日元/人民币_中间价,_,float64,输出参数,macro_china_rmb,中国宏观数据
100日元/人民币_涨跌幅,_,float64,输出参数,macro_china_rmb,中国宏观数据
10Y,Y,float64,输出参数,macro_china_swap_rate,中国宏观数据
1M,M,float64,输出参数,macro_china_swap_rate,中国宏观数据
1M-定价,M,float64,输出参数,macro_china_shibor_all,其他宏观数据
1M-定价,M,float64,输出参数,macro_china_hk_market_info,其他宏观数据
1M-涨跌幅,M,float64,输出参数,macro_china_shibor_all,其他宏观数据
1M-涨跌幅,M,float64,输出参数,macro_china_hk_market_info,其他宏观数据
1W-定价,W,float64,输出参数,macro_china_shibor_all,其他宏观数据
1W-定价,W,float64,输出参数,macro_china_hk_market_info,其他宏观数据
1W-涨跌幅,W,float64,输出参数,macro_china_shibor_all,其他宏观数据
1W-涨跌幅,W,float64,输出参数,macro_china_hk_market_info,其他宏观数据
1Y,Y,float64,输出参数,macro_china_swap_rate,中国宏观数据
1Y-定价,Y,float64,输出参数,macro_china_shibor_all,其他宏观数据
1Y-定价,Y,float64,输出参数,macro_china_hk_market_info,其他宏观数据
1Y-涨跌幅,Y,float,输出参数,macro_china_shibor_all,其他宏观数据
1Y-涨跌幅,Y,float64,输出参数,macro_china_hk_market_info,其他宏观数据
2M-定价,M,float64,输出参数,macro_china_shibor_all,其他宏观数据
2M-定价,M,float64,输出参数,macro_china_hk_market_info,其他宏观数据
2M-涨跌幅,M,float64,输出参数,macro_china_shibor_all,其他宏观数据
2M-涨跌幅,M,float64,输出参数,macro_china_hk_market_info,其他宏观数据
2W-定价,W,float64,输出参数,macro_china_shibor_all,其他宏观数据
2W-定价,W,float64,输出参数,macro_china_hk_market_info,其他宏观数据
2W-涨跌幅,W,float64,输出参数,macro_china_shibor_all,其他宏观数据
2W-涨跌幅,W,float64,输出参数,macro_china_hk_market_info,其他宏观数据
2Y,Y,float64,输出参数,macro_china_swap_rate,中国宏观数据
3M,M,float64,输出参数,macro_china_swap_rate,中国宏观数据
3M-定价,M,float64,输出参数,macro_china_shibor_all,其他宏观数据
3M-定价,M,float64,输出参数,macro_china_hk_market_info,其他宏观数据
3M-涨跌幅,M,float64,输出参数,macro_china_shibor_all,其他宏观数据
3M-涨跌幅,M,float64,输出参数,macro_china_hk_market_info,其他宏观数据
3Y,Y,float64,输出参数,macro_china_swap_rate,中国宏观数据
4Y,Y,float64,输出参数,macro_china_swap_rate,中国宏观数据
5Y,Y,float64,输出参数,macro_china_swap_rate,中国宏观数据
6M,M,float64,输出参数,macro_china_swap_rate,中国宏观数据
6M-定价,M,float64,输出参数,macro_china_shibor_all,其他宏观数据
6M-定价,M,float64,输出参数,macro_china_hk_market_info,其他宏观数据
6M-涨跌幅,M,float64,输出参数,macro_china_shibor_all,其他宏观数据
6M-涨跌幅,M,float64,输出参数,macro_china_hk_market_info,其他宏观数据
7Y,Y,float64,输出参数,macro_china_swap_rate,中国宏观数据
9M,M,float64,输出参数,macro_china_swap_rate,中国宏观数据
9M-定价,M,float64,输出参数,macro_china_shibor_all,其他宏观数据
9M-定价,M,float64,输出参数,macro_china_hk_market_info,其他宏观数据
9M-涨跌幅,M,float64,输出参数,macro_china_shibor_all,其他宏观数据
9M-涨跌幅,M,float64,输出参数,macro_china_hk_market_info,其他宏观数据
A股最低综合股价指数-上海,A,float64,输出参数,macro_china_stock_market_cap,其他宏观数据
A股最低综合股价指数-深圳,A,float64,输出参数,macro_china_stock_market_cap,其他宏观数据
A股最高综合股价指数-上海,A,float64,输出参数,macro_china_stock_market_cap,其他宏观数据
A股最高综合股价指数-深圳,A,float64,输出参数,macro_china_stock_market_cap,其他宏观数据
HRCI国际集装箱租船指数,HRCI,float64,输出参数,macro_china_freight_index,中国宏观数据
LPR1Y,LPR1Y,float64,输出参数,macro_china_lpr,中国宏观数据
LPR5Y,LPR5Y,float64,输出参数,macro_china_lpr,中国宏观数据
O/N-定价,O,float64,输出参数,macro_china_shibor_all,其他宏观数据
O/N-定价,O,float64,输出参数,macro_china_hk_market_info,其他宏观数据
O/N-涨跌幅,O,float64,输出参数,macro_china_shibor_all,其他宏观数据
O/N-涨跌幅,O,float64,输出参数,macro_china_hk_market_info,其他宏观数据
ON-定价,ON,float64,输出参数,macro_china_shibor_all,其他宏观数据
ON-定价,ON,float64,输出参数,macro_china_hk_market_info,其他宏观数据
ON-涨跌幅,ON,float64,输出参数,macro_china_shibor_all,其他宏观数据
ON-涨跌幅,ON,float64,输出参数,macro_china_hk_market_info,其他宏观数据
RATE_1,RATE_1,float64,输出参数,macro_china_lpr,中国宏观数据
RATE_2,RATE_2,float64,输出参数,macro_china_lpr,中国宏观数据
TRADE_DATE,TRADE_DATE,object,输出参数,macro_china_lpr,中国宏观数据
city_first,city_first,str,输入参数,macro_china_new_house_price,中国宏观数据
city_second,city_second,str,输入参数,macro_china_new_house_price,中国宏观数据
date,date,str,输入参数,macro_info_ws,其他宏观数据
date,date,str,输入参数,news_economic_baidu,其他宏观数据
date,date,object,输出参数,macro_china_urban_unemployment,中国宏观数据
end_date,end_date,str,输入参数,macro_china_swap_rate,中国宏观数据
indicator,indicator,"Union[str, None]",输入参数,macro_china_nbs_region,中国宏观数据
item,item,object,输出参数,macro_china_urban_unemployment,中国宏观数据
kind,kind,str,输入参数,macro_china_nbs_nation,中国宏观数据
kind,kind,str,输入参数,macro_china_nbs_region,中国宏观数据
path,path,str,输入参数,macro_china_nbs_nation,中国宏观数据
path,path,str,输入参数,macro_china_nbs_region,中国宏观数据
period,period,str,输入参数,macro_china_nbs_nation,中国宏观数据
period,period,str,输入参数,macro_china_nbs_region,中国宏观数据
region,region,"Union[str, None]",输入参数,macro_china_nbs_region,中国宏观数据
start_date,start_date,str,输入参数,macro_china_swap_rate,中国宏观数据
value,value,float64,输出参数,macro_china_urban_unemployment,中国宏观数据
业务及管理费,,float64,输出参数,macro_china_insurance,中国宏观数据
中央政府,,float64,输出参数,macro_cnbs,中国宏观数据
中小金融机构-调整前,,float64,输出参数,macro_china_reserve_requirement_ratio,中国宏观数据
中小金融机构-调整后,,float64,输出参数,macro_china_reserve_requirement_ratio,中国宏观数据
中小金融机构-调整幅度,,float64,输出参数,macro_china_reserve_requirement_ratio,中国宏观数据
乡村住宅电话用户,,float,输出参数,macro_china_postal_telecommunicational,中国宏观数据
乡村住宅电话用户同比增长,,float,输出参数,macro_china_postal_telecommunicational,中国宏观数据
乡村居民用电量,,float64,输出参数,macro_china_society_electricity,中国宏观数据
乡村居民用电量同比,,float64,输出参数,macro_china_society_electricity,中国宏观数据
乡村电话用户数,,float,输出参数,macro_china_postal_telecommunicational,中国宏观数据
乡村电话用户数同比增长,,float,输出参数,macro_china_postal_telecommunicational,中国宏观数据
事件,,object,输出参数,macro_info_ws,其他宏观数据
事件,,object,输出参数,news_economic_baidu,其他宏观数据
二手住宅价格指数-同比,,float64,输出参数,macro_china_new_house_price,中国宏观数据
二手住宅价格指数-定基,,float64,输出参数,macro_china_new_house_price,中国宏观数据
二手住宅价格指数-环比,,float64,输出参数,macro_china_new_house_price,中国宏观数据
交收方向,,object,输出参数,macro_china_au_report,其他宏观数据
交收量,,float64,输出参数,macro_china_au_report,其他宏观数据
人民币/丹麦克朗_中间价,_,float64,输出参数,macro_china_rmb,中国宏观数据
人民币/丹麦克朗_中间价,_,float64,输出参数,macro_china_rmb,中国宏观数据
人民币/丹麦克朗_涨跌幅,_,float64,输出参数,macro_china_rmb,中国宏观数据
人民币/丹麦克朗_涨跌幅,_,float64,输出参数,macro_china_rmb,中国宏观数据
人民币/俄罗斯卢布_中间价,_,float64,输出参数,macro_china_rmb,中国宏观数据
人民币/俄罗斯卢布_涨跌幅,_,float64,输出参数,macro_china_rmb,中国宏观数据
人民币/匈牙利福林_中间价,_,float64,输出参数,macro_china_rmb,中国宏观数据
人民币/匈牙利福林_涨跌幅,_,float64,输出参数,macro_china_rmb,中国宏观数据
人民币/南非兰特_中间价,_,float64,输出参数,macro_china_rmb,中国宏观数据
人民币/南非兰特_涨跌幅,_,float64,输出参数,macro_china_rmb,中国宏观数据
人民币/土耳其里拉_中间价,_,float64,输出参数,macro_china_rmb,中国宏观数据
人民币/土耳其里拉_涨跌幅,_,float64,输出参数,macro_china_rmb,中国宏观数据
人民币/墨西哥比索_中间价,_,float64,输出参数,macro_china_rmb,中国宏观数据
人民币/墨西哥比索_涨跌幅,_,float64,输出参数,macro_china_rmb,中国宏观数据
人民币/挪威克朗_中间价,_,float64,输出参数,macro_china_rmb,中国宏观数据
人民币/挪威克朗_涨跌幅,_,float64,输出参数,macro_china_rmb,中国宏观数据
人民币/沙特里亚尔_中间价,_,float64,输出参数,macro_china_rmb,中国宏观数据
人民币/沙特里亚尔_涨跌幅,_,float64,输出参数,macro_china_rmb,中国宏观数据
人民币/波兰兹罗提_中间价,_,float64,输出参数,macro_china_rmb,中国宏观数据
人民币/波兰兹罗提_涨跌幅,_,float64,输出参数,macro_china_rmb,中国宏观数据
人民币/泰铢_中间价,_,float64,输出参数,macro_china_rmb,中国宏观数据
人民币/泰铢_涨跌幅,_,float64,输出参数,macro_china_rmb,中国宏观数据
人民币/瑞典克朗_中间价,_,float64,输出参数,macro_china_rmb,中国宏观数据
人民币/瑞典克朗_涨跌幅,_,float64,输出参数,macro_china_rmb,中国宏观数据
人民币/阿联酋迪拉姆_中间价,_,float64,输出参数,macro_china_rmb,中国宏观数据
人民币/阿联酋迪拉姆_涨跌幅,_,float64,输出参数,macro_china_rmb,中国宏观数据
人民币/韩元_中间价,_,float64,输出参数,macro_china_rmb,中国宏观数据
人民币/韩元_涨跌幅,_,float64,输出参数,macro_china_rmb,中国宏观数据
人民币/马来西亚林吉特_中间价,_,float64,输出参数,macro_china_rmb,中国宏观数据
人民币/马来西亚林吉特_涨跌幅,_,float64,输出参数,macro_china_rmb,中国宏观数据
人身险-健康险保费收入,,float64,输出参数,macro_china_insurance,中国宏观数据
人身险-健康险赔付支出,,float64,输出参数,macro_china_insurance,中国宏观数据
人身险-寿险保费收入,,float64,输出参数,macro_china_insurance,中国宏观数据
人身险-寿险赔付支出,,float64,输出参数,macro_china_insurance,中国宏观数据
人身险-意外险保费收入,,float64,输出参数,macro_china_insurance,中国宏观数据
人身险-意外险赔付支出,,float64,输出参数,macro_china_insurance,中国宏观数据
人身险保费收入,,float64,输出参数,macro_china_insurance,中国宏观数据
人身险保费赔付支出,,float64,输出参数,macro_china_insurance,中国宏观数据
今值,,float64,输出参数,macro_china_gdp_yearly,中国宏观数据
今值,,float64,输出参数,macro_china_cpi_yearly,中国宏观数据
今值,,float64,输出参数,macro_china_cpi_monthly,中国宏观数据
今值,,float64,输出参数,macro_china_ppi_yearly,中国宏观数据
今值,,float64,输出参数,macro_china_exports_yoy,中国宏观数据
今值,,float64,输出参数,macro_china_imports_yoy,中国宏观数据
今值,,float64,输出参数,macro_china_trade_balance,中国宏观数据
今值,,float64,输出参数,macro_china_industrial_production_yoy,中国宏观数据
今值,,float64,输出参数,macro_china_pmi_yearly,中国宏观数据
今值,,float64,输出参数,macro_china_cx_pmi_yearly,中国宏观数据
今值,,float64,输出参数,macro_china_cx_services_pmi_yearly,中国宏观数据
今值,,float64,输出参数,macro_china_non_man_pmi,中国宏观数据
今值,,float64,输出参数,macro_china_fx_reserves_yearly,中国宏观数据
今值,,float64,输出参数,macro_china_m2_yearly,中国宏观数据
今值,,float64,输出参数,macro_usa_gdp_monthly,美国宏观数据
今值,,float64,输出参数,macro_usa_cpi_monthly,美国宏观数据
今值,,float64,输出参数,macro_usa_core_cpi_monthly,美国宏观数据
今值,,float64,输出参数,macro_usa_personal_spending,美国宏观数据
今值,,float64,输出参数,macro_usa_retail_sales,美国宏观数据
今值,,float64,输出参数,macro_usa_import_price,美国宏观数据
今值,,float64,输出参数,macro_usa_export_price,美国宏观数据
今值,,float64,输出参数,macro_usa_lmci,其他宏观数据
今值,,float64,输出参数,macro_usa_unemployment_rate,美国宏观数据
今值,,float64,输出参数,macro_usa_job_cuts,美国宏观数据
今值,,float64,输出参数,macro_usa_non_farm,美国宏观数据
今值,,float64,输出参数,macro_usa_adp_employment,美国宏观数据
今值,,float64,输出参数,macro_usa_core_pce_price,美国宏观数据
今值,,float64,输出参数,macro_usa_real_consumer_spending,美国宏观数据
今值,,float64,输出参数,macro_usa_trade_balance,美国宏观数据
今值,,float64,输出参数,macro_usa_current_account,美国宏观数据
今值,,float64,输出参数,macro_usa_ppi,美国宏观数据
今值,,float64,输出参数,macro_usa_core_ppi,美国宏观数据
今值,,float64,输出参数,macro_usa_api_crude_stock,美国宏观数据
今值,,float64,输出参数,macro_usa_pmi,美国宏观数据
今值,,float64,输出参数,macro_usa_ism_pmi,美国宏观数据
今值,,float64,输出参数,macro_usa_industrial_production,美国宏观数据
今值,,float64,输出参数,macro_usa_durable_goods_orders,美国宏观数据
今值,,float64,输出参数,macro_usa_factory_orders,美国宏观数据
今值,,float64,输出参数,macro_usa_services_pmi,美国宏观数据
今值,,float64,输出参数,macro_usa_business_inventories,美国宏观数据
今值,,float64,输出参数,macro_usa_ism_non_pmi,美国宏观数据
今值,,float64,输出参数,macro_usa_nahb_house_market_index,美国宏观数据
今值,,float64,输出参数,macro_usa_house_starts,美国宏观数据
今值,,float64,输出参数,macro_usa_new_home_sales,美国宏观数据
今值,,float64,输出参数,macro_usa_building_permits,美国宏观数据
今值,,float64,输出参数,macro_usa_exist_home_sales,美国宏观数据
今值,,float64,输出参数,macro_usa_house_price_index,美国宏观数据
今值,,float64,输出参数,macro_usa_spcs20,美国宏观数据
今值,,float64,输出参数,macro_usa_pending_home_sales,美国宏观数据
今值,,float64,输出参数,macro_usa_cb_consumer_confidence,美国宏观数据
今值,,float64,输出参数,macro_usa_nfib_small_business,美国宏观数据
今值,,float64,输出参数,macro_usa_michigan_consumer_sentiment,美国宏观数据
今值,,float64,输出参数,macro_usa_eia_crude_rate,美国宏观数据
今值,,float64,输出参数,macro_usa_initial_jobless,美国宏观数据
今值,,float64,输出参数,macro_euro_gdp_yoy,欧洲宏观数据
今值,,float64,输出参数,macro_euro_cpi_mom,欧洲宏观数据
今值,,float64,输出参数,macro_euro_cpi_yoy,欧洲宏观数据
今值,,float64,输出参数,macro_euro_ppi_mom,欧洲宏观数据
今值,,float64,输出参数,macro_euro_retail_sales_mom,欧洲宏观数据
今值,,float64,输出参数,macro_euro_employment_change_qoq,欧洲宏观数据
今值,,float64,输出参数,macro_euro_unemployment_rate_mom,欧洲宏观数据
今值,,float64,输出参数,macro_euro_trade_balance,欧洲宏观数据
今值,,float64,输出参数,macro_euro_current_account_mom,欧洲宏观数据
今值,,float64,输出参数,macro_euro_industrial_production_mom,欧洲宏观数据
今值,,float64,输出参数,macro_euro_manufacturing_pmi,欧洲宏观数据
今值,,float64,输出参数,macro_euro_services_pmi,欧洲宏观数据
今值,,float64,输出参数,macro_euro_zew_economic_sentiment,欧洲宏观数据
今值,,float64,输出参数,macro_euro_sentix_investor_confidence,欧洲宏观数据
今值,,float64,输出参数,macro_info_ws,其他宏观数据
价格,,float64,输出参数,macro_china_bond_public,中国宏观数据
价格类型,,object,输出参数,macro_china_swap_rate,中国宏观数据
企业家信心指数-同比,,float64,输出参数,macro_china_enterprise_boom_index,中国宏观数据
企业家信心指数-指数,,float64,输出参数,macro_china_enterprise_boom_index,中国宏观数据
企业家信心指数-环比,,float64,输出参数,macro_china_enterprise_boom_index,中国宏观数据
企业景气指数-同比,,float64,输出参数,macro_china_enterprise_boom_index,中国宏观数据
企业景气指数-指数,,float64,输出参数,macro_china_enterprise_boom_index,中国宏观数据
企业景气指数-环比,,float64,输出参数,macro_china_enterprise_boom_index,中国宏观数据
伊拉克,,float64,输出参数,macro_cons_opec_month,其他宏观数据
伊朗,,float64,输出参数,macro_cons_opec_month,其他宏观数据
债券,,float64,输出参数,macro_china_central_bank_balance,中国宏观数据
债券全称,,object,输出参数,macro_china_bond_public,中国宏观数据
债券期限,,object,输出参数,macro_china_bond_public,中国宏观数据
债券类型,,object,输出参数,macro_china_bond_public,中国宏观数据
债券评级,,object,输出参数,macro_china_bond_public,中国宏观数据
储备货币,,float64,输出参数,macro_china_central_bank_balance,中国宏观数据
储蓄存款出,,float64,输出参数,macro_china_supply_of_money,中国宏观数据
储蓄存款同比增长,,float64,输出参数,macro_china_supply_of_money,中国宏观数据
全国-同比增长,,float64,输出参数,macro_china_cpi,中国宏观数据
全国-当月,,float64,输出参数,macro_china_cpi,中国宏观数据
全国-环比增长,,float64,输出参数,macro_china_cpi,中国宏观数据
全国-累计,,float64,输出参数,macro_china_cpi,中国宏观数据
全社会用电量,,float64,输出参数,macro_china_society_electricity,中国宏观数据
全社会用电量同比,,float64,输出参数,macro_china_society_electricity,中国宏观数据
公布,,float64,输出参数,news_economic_baidu,其他宏观数据
公布时间,,object,输出参数,macro_china_reserve_requirement_ratio,中国宏观数据
公里旅客周转量同比增长,,float64,输出参数,macro_china_society_traffic_volume,中国宏观数据
公里民航总周转,,float64,输出参数,macro_china_society_traffic_volume,中国宏观数据
公里货物周转量同比增长,,float64,输出参数,macro_china_society_traffic_volume,中国宏观数据
其中-人民币贷款,,float64,输出参数,macro_china_shrzgm,贸易数据
其中-企业债券,,float64,输出参数,macro_china_shrzgm,贸易数据
其中-信托贷款,,float64,输出参数,macro_china_shrzgm,贸易数据
其中-委托贷款,,float64,输出参数,macro_china_shrzgm,贸易数据
其中-委托贷款外币贷款,,float64,输出参数,macro_china_shrzgm,贸易数据
其中-未贴现银行承兑汇票,,float64,输出参数,macro_china_shrzgm,贸易数据
其中-非金融企业境内股票融资,,float64,输出参数,macro_china_shrzgm,贸易数据
其中:中央政府,,float64,输出参数,macro_china_central_bank_balance,中国宏观数据
其中:外贸货物吞吐量,,float64,输出参数,macro_china_society_traffic_volume,中国宏观数据
其中:外贸货物吞吐量同比增长,,float64,输出参数,macro_china_society_traffic_volume,中国宏观数据
其他国外资产,,float64,输出参数,macro_china_central_bank_balance,中国宏观数据
其他存款,,float64,输出参数,macro_china_supply_of_money,中国宏观数据
其他存款同比增长,,float64,输出参数,macro_china_supply_of_money,中国宏观数据
其他存款性公司,,float64,输出参数,macro_china_central_bank_balance,中国宏观数据
其他负债,,float64,输出参数,macro_china_central_bank_balance,中国宏观数据
其他资产,,float64,输出参数,macro_china_central_bank_balance,中国宏观数据
其他金融性公司,,float64,输出参数,macro_china_central_bank_balance,中国宏观数据
养老保险公司企业年金受托管理资产,,float64,输出参数,macro_china_insurance,中国宏观数据
养老保险公司企业年金投资管理资产,,float64,输出参数,macro_china_insurance,中国宏观数据
养老保险公司企业年金缴费,,float64,输出参数,macro_china_insurance,中国宏观数据
农产品-同比增长,,float64,输出参数,macro_china_qyspjg,中国宏观数据
农产品-指数值,,float64,输出参数,macro_china_qyspjg,中国宏观数据
农产品-环比增长,,float64,输出参数,macro_china_qyspjg,中国宏观数据
农村-同比增长,,float64,输出参数,macro_china_cpi,中国宏观数据
农村-当月,,float64,输出参数,macro_china_cpi,中国宏观数据
农村-环比增长,,float64,输出参数,macro_china_cpi,中国宏观数据
农村-累计,,float64,输出参数,macro_china_cpi,中国宏观数据
准备金存款,,float64,输出参数,macro_china_central_bank_balance,中国宏观数据
准货币,,float64,输出参数,macro_china_supply_of_money,中国宏观数据
准货币同比增长,,float64,输出参数,macro_china_supply_of_money,中国宏观数据
函件总数,,float,输出参数,macro_china_postal_telecommunicational,中国宏观数据
函件总数同比增长,,float,输出参数,macro_china_postal_telecommunicational,中国宏观数据
利比亚,,float64,输出参数,macro_cons_opec_month,其他宏观数据
制造业-同比增长,,float64,输出参数,macro_china_pmi,其他宏观数据
制造业-指数,,float64,输出参数,macro_china_pmi,其他宏观数据
前值,,float64,输出参数,macro_china_gdp_yearly,中国宏观数据
前值,,float64,输出参数,macro_china_cpi_yearly,中国宏观数据
前值,,float64,输出参数,macro_china_cpi_monthly,中国宏观数据
前值,,float64,输出参数,macro_china_ppi_yearly,中国宏观数据
前值,,float64,输出参数,macro_china_exports_yoy,中国宏观数据
前值,,float64,输出参数,macro_china_imports_yoy,中国宏观数据
前值,,float64,输出参数,macro_china_trade_balance,中国宏观数据
前值,,float64,输出参数,macro_china_industrial_production_yoy,中国宏观数据
前值,,float64,输出参数,macro_china_pmi_yearly,中国宏观数据
前值,,float64,输出参数,macro_china_cx_pmi_yearly,中国宏观数据
前值,,float64,输出参数,macro_china_cx_services_pmi_yearly,中国宏观数据
前值,,float64,输出参数,macro_china_non_man_pmi,中国宏观数据
前值,,float64,输出参数,macro_china_fx_reserves_yearly,中国宏观数据
前值,,float64,输出参数,macro_china_m2_yearly,中国宏观数据
前值,,float64,输出参数,macro_china_hk_cpi,中国宏观数据
前值,,float64,输出参数,macro_china_hk_cpi_ratio,中国宏观数据
前值,,float64,输出参数,macro_china_hk_rate_of_unemployment,中国宏观数据
前值,,float64,输出参数,macro_china_hk_gbp,中国宏观数据
前值,,float64,输出参数,macro_china_hk_gbp_ratio,中国宏观数据
前值,,float64,输出参数,macro_china_hk_building_volume,中国宏观数据
前值,,float64,输出参数,macro_china_hk_building_amount,中国宏观数据
前值,,float64,输出参数,macro_china_hk_trade_diff_ratio,中国宏观数据
前值,,float64,输出参数,macro_china_hk_ppi,中国宏观数据
前值,,float64,输出参数,macro_usa_gdp_monthly,美国宏观数据
前值,,float64,输出参数,macro_usa_cpi_monthly,美国宏观数据
前值,,float64,输出参数,macro_usa_cpi_yoy,美国宏观数据
前值,,float64,输出参数,macro_usa_core_cpi_monthly,美国宏观数据
前值,,float64,输出参数,macro_usa_personal_spending,美国宏观数据
前值,,float64,输出参数,macro_usa_retail_sales,美国宏观数据
前值,,float64,输出参数,macro_usa_import_price,美国宏观数据
前值,,float64,输出参数,macro_usa_export_price,美国宏观数据
前值,,float64,输出参数,macro_usa_lmci,其他宏观数据
前值,,float64,输出参数,macro_usa_unemployment_rate,美国宏观数据
前值,,float64,输出参数,macro_usa_job_cuts,美国宏观数据
前值,,float64,输出参数,macro_usa_non_farm,美国宏观数据
前值,,float64,输出参数,macro_usa_adp_employment,美国宏观数据
前值,,float64,输出参数,macro_usa_core_pce_price,美国宏观数据
前值,,float64,输出参数,macro_usa_real_consumer_spending,美国宏观数据
前值,,float64,输出参数,macro_usa_trade_balance,美国宏观数据
前值,,float64,输出参数,macro_usa_current_account,美国宏观数据
前值,,float64,输出参数,macro_usa_ppi,美国宏观数据
前值,,float64,输出参数,macro_usa_core_ppi,美国宏观数据
前值,,float64,输出参数,macro_usa_api_crude_stock,美国宏观数据
前值,,float64,输出参数,macro_usa_pmi,美国宏观数据
前值,,float64,输出参数,macro_usa_ism_pmi,美国宏观数据
前值,,float64,输出参数,macro_usa_industrial_production,美国宏观数据
前值,,float64,输出参数,macro_usa_durable_goods_orders,美国宏观数据
前值,,float64,输出参数,macro_usa_factory_orders,美国宏观数据
前值,,float64,输出参数,macro_usa_services_pmi,美国宏观数据
前值,,float64,输出参数,macro_usa_business_inventories,美国宏观数据
前值,,float64,输出参数,macro_usa_ism_non_pmi,美国宏观数据
前值,,float64,输出参数,macro_usa_nahb_house_market_index,美国宏观数据
前值,,float64,输出参数,macro_usa_house_starts,美国宏观数据
前值,,float64,输出参数,macro_usa_new_home_sales,美国宏观数据
前值,,float64,输出参数,macro_usa_building_permits,美国宏观数据
前值,,float64,输出参数,macro_usa_exist_home_sales,美国宏观数据
前值,,float64,输出参数,macro_usa_house_price_index,美国宏观数据
前值,,float64,输出参数,macro_usa_spcs20,美国宏观数据
前值,,float64,输出参数,macro_usa_pending_home_sales,美国宏观数据
前值,,float64,输出参数,macro_usa_phs,美国宏观数据
前值,,float64,输出参数,macro_usa_cb_consumer_confidence,美国宏观数据
前值,,float64,输出参数,macro_usa_nfib_small_business,美国宏观数据
前值,,float64,输出参数,macro_usa_michigan_consumer_sentiment,美国宏观数据
前值,,float64,输出参数,macro_usa_eia_crude_rate,美国宏观数据
前值,,float64,输出参数,macro_usa_initial_jobless,美国宏观数据
前值,,float64,输出参数,macro_euro_gdp_yoy,欧洲宏观数据
前值,,float64,输出参数,macro_euro_cpi_mom,欧洲宏观数据
前值,,float64,输出参数,macro_euro_cpi_yoy,欧洲宏观数据
前值,,float64,输出参数,macro_euro_ppi_mom,欧洲宏观数据
前值,,float64,输出参数,macro_euro_retail_sales_mom,欧洲宏观数据
前值,,float64,输出参数,macro_euro_employment_change_qoq,欧洲宏观数据
前值,,float64,输出参数,macro_euro_unemployment_rate_mom,欧洲宏观数据
前值,,float64,输出参数,macro_euro_trade_balance,欧洲宏观数据
前值,,float64,输出参数,macro_euro_current_account_mom,欧洲宏观数据
前值,,float64,输出参数,macro_euro_industrial_production_mom,欧洲宏观数据
前值,,float64,输出参数,macro_euro_manufacturing_pmi,欧洲宏观数据
前值,,float64,输出参数,macro_euro_services_pmi,欧洲宏观数据
前值,,float64,输出参数,macro_euro_zew_economic_sentiment,欧洲宏观数据
前值,,float64,输出参数,macro_euro_sentix_investor_confidence,欧洲宏观数据
前值,,float64,输出参数,macro_germany_ifo,其他宏观数据
前值,,float64,输出参数,macro_germany_cpi_monthly,其他宏观数据
前值,,float64,输出参数,macro_germany_cpi_yearly,其他宏观数据
前值,,float64,输出参数,macro_germany_trade_adjusted,贸易数据
前值,,float64,输出参数,macro_germany_gdp,GDP相关
前值,,float64,输出参数,macro_germany_retail_sale_monthly,其他宏观数据
前值,,float64,输出参数,macro_germany_retail_sale_yearly,其他宏观数据
前值,,float64,输出参数,macro_germany_zew,其他宏观数据
前值,,float64,输出参数,macro_swiss_svme,其他宏观数据
前值,,float64,输出参数,macro_swiss_trade,贸易数据
前值,,float64,输出参数,macro_swiss_cpi_yearly,其他宏观数据
前值,,float64,输出参数,macro_swiss_gdp_quarterly,GDP相关
前值,,float64,输出参数,macro_swiss_gbd_yearly,GDP相关
前值,,float64,输出参数,macro_swiss_gbd_bank_rate,中国宏观数据
前值,,float64,输出参数,macro_japan_bank_rate,中国宏观数据
前值,,float64,输出参数,macro_japan_cpi_yearly,日本宏观数据
前值,,float64,输出参数,macro_japan_core_cpi_yearly,日本宏观数据
前值,,float64,输出参数,macro_japan_unemployment_rate,日本宏观数据
前值,,float64,输出参数,macro_japan_head_indicator,日本宏观数据
前值,,float64,输出参数,macro_uk_halifax_monthly,其他宏观数据
前值,,float64,输出参数,macro_uk_halifax_yearly,其他宏观数据
前值,,float64,输出参数,macro_uk_trade,贸易数据
前值,,float64,输出参数,macro_uk_bank_rate,中国宏观数据
前值,,float64,输出参数,macro_uk_core_cpi_yearly,其他宏观数据
前值,,float64,输出参数,macro_uk_core_cpi_monthly,其他宏观数据
前值,,float64,输出参数,macro_uk_cpi_yearly,其他宏观数据
前值,,float64,输出参数,macro_uk_cpi_monthly,其他宏观数据
前值,,float64,输出参数,macro_uk_retail_monthly,其他宏观数据
前值,,float64,输出参数,macro_uk_retail_yearly,其他宏观数据
前值,,float64,输出参数,macro_uk_rightmove_yearly,其他宏观数据
前值,,float64,输出参数,macro_uk_rightmove_monthly,其他宏观数据
前值,,float64,输出参数,macro_uk_gdp_quarterly,GDP相关
前值,,float64,输出参数,macro_uk_gdp_yearly,GDP相关
前值,,float64,输出参数,macro_uk_unemployment_rate,就业数据
前值,,float64,输出参数,macro_australia_retail_rate_monthly,其他宏观数据
前值,,float64,输出参数,macro_australia_trade,贸易数据
前值,,float64,输出参数,macro_australia_unemployment_rate,就业数据
前值,,float64,输出参数,macro_australia_ppi_quarterly,其他宏观数据
前值,,float64,输出参数,macro_australia_cpi_quarterly,其他宏观数据
前值,,float64,输出参数,macro_australia_cpi_yearly,其他宏观数据
前值,,float64,输出参数,macro_australia_bank_rate,中国宏观数据
前值,,float64,输出参数,macro_canada_new_house_rate,其他宏观数据
前值,,float64,输出参数,macro_canada_unemployment_rate,就业数据
前值,,float64,输出参数,macro_canada_trade,贸易数据
前值,,float64,输出参数,macro_canada_retail_rate_monthly,其他宏观数据
前值,,float64,输出参数,macro_canada_bank_rate,中国宏观数据
前值,,float64,输出参数,macro_canada_core_cpi_yearly,其他宏观数据
前值,,float64,输出参数,macro_canada_core_cpi_monthly,其他宏观数据
前值,,float64,输出参数,macro_canada_cpi_yearly,其他宏观数据
前值,,float64,输出参数,macro_canada_cpi_monthly,其他宏观数据
前值,,float64,输出参数,macro_canada_gdp_monthly,GDP相关
前值,,float64,输出参数,macro_info_ws,其他宏观数据
前值,,float64,输出参数,news_economic_baidu,其他宏观数据
加元/人民币_中间价,_,float64,输出参数,macro_china_rmb,中国宏观数据
加元/人民币_涨跌幅,_,float64,输出参数,macro_china_rmb,中国宏观数据
加权平均价,,float64,输出参数,macro_china_au_report,其他宏观数据
加蓬,,float64,输出参数,macro_cons_opec_month,其他宏观数据
募集资金,,float64,输出参数,macro_stock_finance,其他宏观数据
包件,,float,输出参数,macro_china_postal_telecommunicational,中国宏观数据
包件同比增长,,float,输出参数,macro_china_postal_telecommunicational,中国宏观数据
厄瓜多尔,,float64,输出参数,macro_cons_opec_month,其他宏观数据
原保险保费收入,,float64,输出参数,macro_china_insurance,中国宏观数据
原保险赔付支出,,float64,输出参数,macro_china_insurance,中国宏观数据
发布日期,,object,输出参数,macro_china_hk_cpi,中国宏观数据
发布日期,,object,输出参数,macro_china_hk_cpi_ratio,中国宏观数据
发布日期,,object,输出参数,macro_china_hk_rate_of_unemployment,中国宏观数据
发布日期,,object,输出参数,macro_china_hk_gbp,中国宏观数据
发布日期,,object,输出参数,macro_china_hk_gbp_ratio,中国宏观数据
发布日期,,object,输出参数,macro_china_hk_building_volume,中国宏观数据
发布日期,,object,输出参数,macro_china_hk_building_amount,中国宏观数据
发布日期,,object,输出参数,macro_china_hk_trade_diff_ratio,中国宏观数据
发布日期,,object,输出参数,macro_china_hk_ppi,中国宏观数据
发布日期,,object,输出参数,macro_usa_cpi_yoy,美国宏观数据
发布日期,,object,输出参数,macro_usa_phs,美国宏观数据
发布日期,,object,输出参数,macro_germany_ifo,其他宏观数据
发布日期,,object,输出参数,macro_germany_cpi_monthly,其他宏观数据
发布日期,,object,输出参数,macro_germany_cpi_yearly,其他宏观数据
发布日期,,object,输出参数,macro_germany_trade_adjusted,贸易数据
发布日期,,object,输出参数,macro_germany_gdp,GDP相关
发布日期,,object,输出参数,macro_germany_retail_sale_monthly,其他宏观数据
发布日期,,object,输出参数,macro_germany_retail_sale_yearly,其他宏观数据
发布日期,,object,输出参数,macro_germany_zew,其他宏观数据
发布日期,,object,输出参数,macro_swiss_svme,其他宏观数据
发布日期,,object,输出参数,macro_swiss_trade,贸易数据
发布日期,,object,输出参数,macro_swiss_cpi_yearly,其他宏观数据
发布日期,,object,输出参数,macro_swiss_gdp_quarterly,GDP相关
发布日期,,object,输出参数,macro_swiss_gbd_yearly,GDP相关
发布日期,,object,输出参数,macro_swiss_gbd_bank_rate,中国宏观数据
发布日期,,object,输出参数,macro_japan_bank_rate,中国宏观数据
发布日期,,object,输出参数,macro_japan_cpi_yearly,日本宏观数据
发布日期,,object,输出参数,macro_japan_core_cpi_yearly,日本宏观数据
发布日期,,object,输出参数,macro_japan_unemployment_rate,日本宏观数据
发布日期,,object,输出参数,macro_japan_head_indicator,日本宏观数据
发布日期,,object,输出参数,macro_uk_halifax_monthly,其他宏观数据
发布日期,,object,输出参数,macro_uk_halifax_yearly,其他宏观数据
发布日期,,object,输出参数,macro_uk_trade,贸易数据
发布日期,,object,输出参数,macro_uk_bank_rate,中国宏观数据
发布日期,,object,输出参数,macro_uk_core_cpi_yearly,其他宏观数据
发布日期,,object,输出参数,macro_uk_core_cpi_monthly,其他宏观数据
发布日期,,object,输出参数,macro_uk_cpi_yearly,其他宏观数据
发布日期,,object,输出参数,macro_uk_cpi_monthly,其他宏观数据
发布日期,,object,输出参数,macro_uk_retail_monthly,其他宏观数据
发布日期,,object,输出参数,macro_uk_retail_yearly,其他宏观数据
发布日期,,object,输出参数,macro_uk_rightmove_yearly,其他宏观数据
发布日期,,object,输出参数,macro_uk_rightmove_monthly,其他宏观数据
发布日期,,object,输出参数,macro_uk_gdp_quarterly,GDP相关
发布日期,,object,输出参数,macro_uk_gdp_yearly,GDP相关
发布日期,,object,输出参数,macro_uk_unemployment_rate,就业数据
发布日期,,object,输出参数,macro_australia_retail_rate_monthly,其他宏观数据
发布日期,,object,输出参数,macro_australia_trade,贸易数据
发布日期,,object,输出参数,macro_australia_unemployment_rate,就业数据
发布日期,,object,输出参数,macro_australia_ppi_quarterly,其他宏观数据
发布日期,,object,输出参数,macro_australia_cpi_quarterly,其他宏观数据
发布日期,,object,输出参数,macro_australia_cpi_yearly,其他宏观数据
发布日期,,object,输出参数,macro_australia_bank_rate,中国宏观数据
发布日期,,object,输出参数,macro_canada_new_house_rate,其他宏观数据
发布日期,,object,输出参数,macro_canada_unemployment_rate,就业数据
发布日期,,object,输出参数,macro_canada_trade,贸易数据
发布日期,,object,输出参数,macro_canada_retail_rate_monthly,其他宏观数据
发布日期,,object,输出参数,macro_canada_bank_rate,中国宏观数据
发布日期,,object,输出参数,macro_canada_core_cpi_yearly,其他宏观数据
发布日期,,object,输出参数,macro_canada_core_cpi_monthly,其他宏观数据
发布日期,,object,输出参数,macro_canada_cpi_yearly,其他宏观数据
发布日期,,object,输出参数,macro_canada_cpi_monthly,其他宏观数据
发布日期,,object,输出参数,macro_canada_gdp_monthly,GDP相关
发布时间,,object,输出参数,macro_china_gyzjz,中国宏观数据
发行总股本-上海,,float64,输出参数,macro_china_stock_market_cap,其他宏观数据
发行总股本-深圳,,float64,输出参数,macro_china_stock_market_cap,其他宏观数据
发行日期,,object,输出参数,macro_china_bond_public,中国宏观数据
发行货币,,float64,输出参数,macro_china_central_bank_balance,中国宏观数据
各行业用电量合计,,float64,输出参数,macro_china_society_electricity,中国宏观数据
各行业用电量合计同比,,float64,输出参数,macro_china_society_electricity,中国宏观数据
同比增长,,float64,输出参数,macro_china_gyzjz,中国宏观数据
同比增长,,float64,输出参数,macro_china_gdzctz,中国宏观数据
同比增长,,float64,输出参数,macro_china_whxd,其他宏观数据
同比增长,,float64,输出参数,macro_china_wbck,其他宏观数据
同比增长,,float64,输出参数,macro_china_consumer_goods_retail,其他宏观数据
品种,,object,输出参数,macro_usa_cme_merchant_goods_holding,其他宏观数据
商品,,object,输出参数,macro_china_gdp_yearly,中国宏观数据
商品,,object,输出参数,macro_china_cpi_yearly,中国宏观数据
商品,,object,输出参数,macro_china_cpi_monthly,中国宏观数据
商品,,object,输出参数,macro_china_ppi_yearly,中国宏观数据
商品,,object,输出参数,macro_china_exports_yoy,中国宏观数据
商品,,object,输出参数,macro_china_imports_yoy,中国宏观数据
商品,,object,输出参数,macro_china_trade_balance,中国宏观数据
商品,,object,输出参数,macro_china_industrial_production_yoy,中国宏观数据
商品,,object,输出参数,macro_china_pmi_yearly,中国宏观数据
商品,,object,输出参数,macro_china_cx_pmi_yearly,中国宏观数据
商品,,object,输出参数,macro_china_cx_services_pmi_yearly,中国宏观数据
商品,,object,输出参数,macro_china_non_man_pmi,中国宏观数据
商品,,object,输出参数,macro_china_fx_reserves_yearly,中国宏观数据
商品,,object,输出参数,macro_china_m2_yearly,中国宏观数据
商品,,object,输出参数,macro_china_au_report,其他宏观数据
商品,,object,输出参数,macro_usa_gdp_monthly,美国宏观数据
商品,,object,输出参数,macro_usa_cpi_monthly,美国宏观数据
商品,,object,输出参数,macro_usa_core_cpi_monthly,美国宏观数据
商品,,object,输出参数,macro_usa_personal_spending,美国宏观数据
商品,,object,输出参数,macro_usa_retail_sales,美国宏观数据
商品,,object,输出参数,macro_usa_import_price,美国宏观数据
商品,,object,输出参数,macro_usa_export_price,美国宏观数据
商品,,object,输出参数,macro_usa_lmci,其他宏观数据
商品,,object,输出参数,macro_usa_unemployment_rate,美国宏观数据
商品,,object,输出参数,macro_usa_job_cuts,美国宏观数据
商品,,object,输出参数,macro_usa_non_farm,美国宏观数据
商品,,object,输出参数,macro_usa_adp_employment,美国宏观数据
商品,,object,输出参数,macro_usa_core_pce_price,美国宏观数据
商品,,object,输出参数,macro_usa_real_consumer_spending,美国宏观数据
商品,,object,输出参数,macro_usa_trade_balance,美国宏观数据
商品,,object,输出参数,macro_usa_current_account,美国宏观数据
商品,,object,输出参数,macro_usa_ppi,美国宏观数据
商品,,object,输出参数,macro_usa_core_ppi,美国宏观数据
商品,,object,输出参数,macro_usa_api_crude_stock,美国宏观数据
商品,,object,输出参数,macro_usa_pmi,美国宏观数据
商品,,object,输出参数,macro_usa_ism_pmi,美国宏观数据
商品,,object,输出参数,macro_usa_industrial_production,美国宏观数据
商品,,object,输出参数,macro_usa_durable_goods_orders,美国宏观数据
商品,,object,输出参数,macro_usa_factory_orders,美国宏观数据
商品,,object,输出参数,macro_usa_services_pmi,美国宏观数据
商品,,object,输出参数,macro_usa_business_inventories,美国宏观数据
商品,,object,输出参数,macro_usa_ism_non_pmi,美国宏观数据
商品,,object,输出参数,macro_usa_nahb_house_market_index,美国宏观数据
商品,,object,输出参数,macro_usa_house_starts,美国宏观数据
商品,,object,输出参数,macro_usa_new_home_sales,美国宏观数据
商品,,object,输出参数,macro_usa_building_permits,美国宏观数据
商品,,object,输出参数,macro_usa_exist_home_sales,美国宏观数据
商品,,object,输出参数,macro_usa_house_price_index,美国宏观数据
商品,,object,输出参数,macro_usa_spcs20,美国宏观数据
商品,,object,输出参数,macro_usa_pending_home_sales,美国宏观数据
商品,,object,输出参数,macro_usa_cb_consumer_confidence,美国宏观数据
商品,,object,输出参数,macro_usa_nfib_small_business,美国宏观数据
商品,,object,输出参数,macro_usa_michigan_consumer_sentiment,美国宏观数据
商品,,object,输出参数,macro_usa_eia_crude_rate,美国宏观数据
商品,,object,输出参数,macro_usa_initial_jobless,美国宏观数据
商品,,object,输出参数,macro_euro_gdp_yoy,欧洲宏观数据
商品,,object,输出参数,macro_euro_cpi_mom,欧洲宏观数据
商品,,object,输出参数,macro_euro_cpi_yoy,欧洲宏观数据
商品,,object,输出参数,macro_euro_ppi_mom,欧洲宏观数据
商品,,object,输出参数,macro_euro_retail_sales_mom,欧洲宏观数据
商品,,object,输出参数,macro_euro_employment_change_qoq,欧洲宏观数据
商品,,object,输出参数,macro_euro_unemployment_rate_mom,欧洲宏观数据
商品,,object,输出参数,macro_euro_trade_balance,欧洲宏观数据
商品,,object,输出参数,macro_euro_current_account_mom,欧洲宏观数据
商品,,object,输出参数,macro_euro_industrial_production_mom,欧洲宏观数据
商品,,object,输出参数,macro_euro_manufacturing_pmi,欧洲宏观数据
商品,,object,输出参数,macro_euro_services_pmi,欧洲宏观数据
商品,,object,输出参数,macro_euro_zew_economic_sentiment,欧洲宏观数据
商品,,object,输出参数,macro_euro_sentix_investor_confidence,欧洲宏观数据
商品,,object,输出参数,macro_cons_gold,其他宏观数据
商品,,object,输出参数,macro_cons_silver,其他宏观数据
固定电话用,,float,输出参数,macro_china_postal_telecommunicational,中国宏观数据
固定电话用户数同比增长,,float,输出参数,macro_china_postal_telecommunicational,中国宏观数据
国内生产总值-同比增长,,float64,输出参数,macro_china_gdp,中国宏观数据
国内生产总值-绝对值,,float64,输出参数,macro_china_gdp,中国宏观数据
国外负债,,float64,输出参数,macro_china_central_bank_balance,中国宏观数据
国外资产,,float64,输出参数,macro_china_central_bank_balance,中国宏观数据
国家外汇储备,,float64,输出参数,macro_china_foreign_exchange_gold,中国宏观数据
国家外汇储备-同比,,float64,输出参数,macro_china_fx_gold,中国宏观数据
国家外汇储备-数值,,float64,输出参数,macro_china_fx_gold,中国宏观数据
国家外汇储备-环比,,float64,输出参数,macro_china_fx_gold,中国宏观数据
地区,,object,输出参数,macro_info_ws,其他宏观数据
地区,,object,输出参数,news_economic_baidu,其他宏观数据
地方政府,,float64,输出参数,macro_cnbs,中国宏观数据
城乡居民生活用电量合计,,float64,输出参数,macro_china_society_electricity,中国宏观数据
城乡居民生活用电量合计同比,,float64,输出参数,macro_china_society_electricity,中国宏观数据
城市,,object,输出参数,macro_china_new_house_price,中国宏观数据
城市-同比增长,,float64,输出参数,macro_china_cpi,中国宏观数据
城市-当月,,float64,输出参数,macro_china_cpi,中国宏观数据
城市-环比增长,,float64,输出参数,macro_china_cpi,中国宏观数据
城市-累计,,float64,输出参数,macro_china_cpi,中国宏观数据
城市住宅电话用户,,float,输出参数,macro_china_postal_telecommunicational,中国宏观数据
城市住宅电话用户同比增长,,float,输出参数,macro_china_postal_telecommunicational,中国宏观数据
城市电话用户数,,float,输出参数,macro_china_postal_telecommunicational,中国宏观数据
城市电话用户数同比增长,,float,输出参数,macro_china_postal_telecommunicational,中国宏观数据
城镇居民用电量,,float64,输出参数,macro_china_society_electricity,中国宏观数据
城镇居民用电量同比,,float64,输出参数,macro_china_society_electricity,中国宏观数据
增发募集资金,,float64,输出参数,macro_stock_finance,其他宏观数据
增持/减持,,float64,输出参数,macro_cons_gold,其他宏观数据
增持/减持,,float64,输出参数,macro_cons_silver,其他宏观数据
备注,,object,输出参数,macro_china_reserve_requirement_ratio,中国宏观数据
外汇,,float64,输出参数,macro_china_central_bank_balance,中国宏观数据
大型金融机构-调整前,,float64,输出参数,macro_china_reserve_requirement_ratio,中国宏观数据
大型金融机构-调整后,,float64,输出参数,macro_china_reserve_requirement_ratio,中国宏观数据
大型金融机构-调整幅度,,float64,输出参数,macro_china_reserve_requirement_ratio,中国宏观数据
委内瑞拉,,float64,输出参数,macro_cons_opec_month,其他宏观数据
存煤可用天数,,float64,输出参数,macro_china_daily_energy,中国宏观数据
季度,,object,输出参数,macro_china_enterprise_boom_index,中国宏观数据
季度,,object,输出参数,macro_china_national_tax_receipts,中国宏观数据
季度,,object,输出参数,macro_china_gdp,中国宏观数据
季度环比,,float64,输出参数,macro_china_national_tax_receipts,中国宏观数据
安哥拉,,float64,输出参数,macro_cons_opec_month,其他宏观数据
定期存款,,float64,输出参数,macro_china_supply_of_money,中国宏观数据
定期存款同比增长,,float64,输出参数,macro_china_supply_of_money,中国宏观数据
实体经济部门,,float64,输出参数,macro_cnbs,中国宏观数据
客座率,,float64,输出参数,macro_china_passenger_load_factor,中国宏观数据
客运量,,float64,输出参数,macro_china_society_traffic_volume,中国宏观数据
客运量同比增长,,float64,输出参数,macro_china_society_traffic_volume,中国宏观数据
对其他存款性公司债权,,float64,输出参数,macro_china_central_bank_balance,中国宏观数据
对其他金融性公司债权,,float64,输出参数,macro_china_central_bank_balance,中国宏观数据
对政府债权,,float64,输出参数,macro_china_central_bank_balance,中国宏观数据
对金融机构负债,,float64,输出参数,macro_china_central_bank_balance,中国宏观数据
对非货币金融机构债权,,float64,输出参数,macro_china_central_bank_balance,中国宏观数据
对非金融性公司债权,,float64,输出参数,macro_china_central_bank_balance,中国宏观数据
尼日利亚,,float64,输出参数,macro_cons_opec_month,其他宏观数据
居民消费项目,,object,输出参数,macro_china_retail_price_index,中国宏观数据
居民部门,,float64,输出参数,macro_cnbs,中国宏观数据
市价总值-上海,,float64,输出参数,macro_china_stock_market_cap,其他宏观数据
市价总值-深圳,,float64,输出参数,macro_china_stock_market_cap,其他宏观数据
年份,,object,输出参数,macro_cnbs,中国宏观数据
开盘价,,float64,输出参数,macro_china_au_report,其他宏观数据
当月,,int64,输出参数,macro_china_fdi,中国宏观数据
当月,,float64,输出参数,macro_china_new_financial_credit,中国宏观数据
当月,,float64,输出参数,macro_china_ppi,其他宏观数据
当月,,float64,输出参数,macro_china_gdzctz,中国宏观数据
当月,,float64,输出参数,macro_china_czsr,中国宏观数据
当月,,float64,输出参数,macro_china_whxd,其他宏观数据
当月,,float64,输出参数,macro_china_wbck,其他宏观数据
当月,,float64,输出参数,macro_china_consumer_goods_retail,其他宏观数据
当月-同比增长,,float64,输出参数,macro_china_fdi,中国宏观数据
当月-同比增长,,float64,输出参数,macro_china_new_financial_credit,中国宏观数据
当月-同比增长,,float64,输出参数,macro_china_czsr,中国宏观数据
当月-环比增长,,float64,输出参数,macro_china_fdi,中国宏观数据
当月-环比增长,,float64,输出参数,macro_china_new_financial_credit,中国宏观数据
当月-环比增长,,float64,输出参数,macro_china_czsr,中国宏观数据
当月出口额-同比增长,,float64,输出参数,macro_china_hgjck,中国宏观数据
当月出口额-环比增长,,float64,输出参数,macro_china_hgjck,中国宏观数据
当月出口额-金额,,float64,输出参数,macro_china_hgjck,中国宏观数据
当月同比增长,,float64,输出参数,macro_china_ppi,其他宏观数据
当月进口额-同比增长,,float64,输出参数,macro_china_hgjck,中国宏观数据
当月进口额-环比增长,,float64,输出参数,macro_china_hgjck,中国宏观数据
当月进口额-金额,,float64,输出参数,macro_china_hgjck,中国宏观数据
总价值,,float64,输出参数,macro_cons_gold,其他宏观数据
总价值,,float64,输出参数,macro_cons_silver,其他宏观数据
总库存,,float64,输出参数,macro_cons_gold,其他宏观数据
总库存,,float64,输出参数,macro_cons_silver,其他宏观数据
总指数-同比增长,,float64,输出参数,macro_china_qyspjg,中国宏观数据
总指数-指数值,,float64,输出参数,macro_china_qyspjg,中国宏观数据
总指数-环比增长,,float64,输出参数,macro_china_qyspjg,中国宏观数据
总负债,,float64,输出参数,macro_china_central_bank_balance,中国宏观数据
总资产,,float64,输出参数,macro_china_central_bank_balance,中国宏观数据
成交量,,float64,输出参数,macro_china_au_report,其他宏观数据
成交量,,float64,输出参数,macro_usa_cme_merchant_goods_holding,其他宏观数据
成交量-上海,,float64,输出参数,macro_china_stock_market_cap,其他宏观数据
成交量-深圳,,float64,输出参数,macro_china_stock_market_cap,其他宏观数据
成交金额,,float64,输出参数,macro_china_au_report,其他宏观数据
成交金额-上海,,float64,输出参数,macro_china_stock_market_cap,其他宏观数据
成交金额-深圳,,float64,输出参数,macro_china_stock_market_cap,其他宏观数据
截止日期,,object,输出参数,macro_china_freight_index,中国宏观数据
投资,,float64,输出参数,macro_china_insurance,中国宏观数据
持仓量,,float64,输出参数,macro_china_au_report,其他宏观数据
指标,,object,输出参数,macro_china_international_tourism_fx,中国宏观数据
收盘价,,float64,输出参数,macro_china_au_report,其他宏观数据
政府存款,,float64,输出参数,macro_china_central_bank_balance,中国宏观数据
政府部门,,float64,输出参数,macro_cnbs,中国宏观数据
数据日期,,object,输出参数,macro_china_stock_market_cap,其他宏观数据
数量,,float64,输出参数,macro_china_international_tourism_fx,中国宏观数据
新加坡元/人民币_中间价,_,float64,输出参数,macro_china_rmb,中国宏观数据
新加坡元/人民币_涨跌幅,_,float64,输出参数,macro_china_rmb,中国宏观数据
新增人民币贷款-同比,,object,输出参数,macro_rmb_loan,其他宏观数据
新增人民币贷款-总额,,float64,输出参数,macro_rmb_loan,其他宏观数据
新增人民币贷款-环比,,object,输出参数,macro_rmb_loan,其他宏观数据
新增企业存款-同比,,object,输出参数,macro_rmb_deposit,其他宏观数据
新增企业存款-数量,,float64,输出参数,macro_rmb_deposit,其他宏观数据
新增企业存款-环比,,object,输出参数,macro_rmb_deposit,其他宏观数据
新增储蓄存款-同比,,object,输出参数,macro_rmb_deposit,其他宏观数据
新增储蓄存款-数量,,float64,输出参数,macro_rmb_deposit,其他宏观数据
新增储蓄存款-环比,,object,输出参数,macro_rmb_deposit,其他宏观数据
新增其他存款-同比,,object,输出参数,macro_rmb_deposit,其他宏观数据
新增其他存款-数量,,float64,输出参数,macro_rmb_deposit,其他宏观数据
新增其他存款-环比,,object,输出参数,macro_rmb_deposit,其他宏观数据
新增存款-同比,,object,输出参数,macro_rmb_deposit,其他宏观数据
新增存款-数量,,float64,输出参数,macro_rmb_deposit,其他宏观数据
新增存款-环比,,object,输出参数,macro_rmb_deposit,其他宏观数据
新建商品住宅价格指数-同比,,float64,输出参数,macro_china_new_house_price,中国宏观数据
新建商品住宅价格指数-定基,,float64,输出参数,macro_china_new_house_price,中国宏观数据
新建商品住宅价格指数-环比,,float64,输出参数,macro_china_new_house_price,中国宏观数据
新西兰元/人民币_中间价,_,float64,输出参数,macro_china_rmb,中国宏观数据
新西兰元/人民币_涨跌幅,_,float64,输出参数,macro_china_rmb,中国宏观数据
旅客周转量,,float64,输出参数,macro_china_society_traffic_volume,中国宏观数据
无,,,输入参数,macro_cnbs,中国宏观数据
无,,,输入参数,macro_china_qyspjg,中国宏观数据
无,,,输入参数,macro_china_fdi,中国宏观数据
无,,,输入参数,macro_china_lpr,中国宏观数据
无,,,输入参数,macro_china_urban_unemployment,中国宏观数据
无,,,输入参数,macro_china_shrzgm,贸易数据
无,,,输入参数,macro_china_gdp_yearly,中国宏观数据
无,,,输入参数,macro_china_cpi_yearly,中国宏观数据
无,,,输入参数,macro_china_cpi_monthly,中国宏观数据
无,,,输入参数,macro_china_ppi_yearly,中国宏观数据
无,,,输入参数,macro_china_exports_yoy,中国宏观数据
无,,,输入参数,macro_china_imports_yoy,中国宏观数据
无,,,输入参数,macro_china_trade_balance,中国宏观数据
无,,,输入参数,macro_china_gyzjz,中国宏观数据
无,,,输入参数,macro_china_industrial_production_yoy,中国宏观数据
无,,,输入参数,macro_china_pmi_yearly,中国宏观数据
无,,,输入参数,macro_china_cx_pmi_yearly,中国宏观数据
无,,,输入参数,macro_china_cx_services_pmi_yearly,中国宏观数据
无,,,输入参数,macro_china_non_man_pmi,中国宏观数据
无,,,输入参数,macro_china_fx_reserves_yearly,中国宏观数据
无,,,输入参数,macro_china_m2_yearly,中国宏观数据
无,,,输入参数,macro_china_enterprise_boom_index,中国宏观数据
无,,,输入参数,macro_china_national_tax_receipts,中国宏观数据
无,,,输入参数,macro_china_bank_financing,其他宏观数据
无,,,输入参数,macro_china_insurance_income,其他宏观数据
无,,,输入参数,macro_china_mobile_number,其他宏观数据
无,,,输入参数,macro_china_vegetable_basket,其他宏观数据
无,,,输入参数,macro_china_agricultural_product,其他宏观数据
无,,,输入参数,macro_china_agricultural_index,其他宏观数据
无,,,输入参数,macro_china_energy_index,其他宏观数据
无,,,输入参数,macro_china_commodity_price_index,其他宏观数据
无,,,输入参数,macro_global_sox_index,其他宏观数据
无,,,输入参数,macro_china_yw_electronic_index,其他宏观数据
无,,,输入参数,macro_china_construction_index,其他宏观数据
无,,,输入参数,macro_china_construction_price_index,其他宏观数据
无,,,输入参数,macro_china_lpi_index,其他宏观数据
无,,,输入参数,macro_china_bdti_index,其他宏观数据
无,,,输入参数,macro_china_bsi_index,其他宏观数据
无,,,输入参数,macro_shipping_bci,其他宏观数据
无,,,输入参数,macro_shipping_bdi,其他宏观数据
无,,,输入参数,macro_shipping_bpi,其他宏观数据
无,,,输入参数,macro_shipping_bcti,其他宏观数据
无,,,输入参数,macro_china_new_financial_credit,中国宏观数据
无,,,输入参数,macro_china_cpi,中国宏观数据
无,,,输入参数,macro_china_gdp,中国宏观数据
无,,,输入参数,macro_china_ppi,其他宏观数据
无,,,输入参数,macro_china_pmi,其他宏观数据
无,,,输入参数,macro_china_gdzctz,中国宏观数据
无,,,输入参数,macro_china_hgjck,中国宏观数据
无,,,输入参数,macro_china_czsr,中国宏观数据
无,,,输入参数,macro_china_whxd,其他宏观数据
无,,,输入参数,macro_china_wbck,其他宏观数据
无,,,输入参数,macro_china_bond_public,中国宏观数据
无,,,输入参数,macro_china_xfzxx,其他宏观数据
无,,,输入参数,macro_china_reserve_requirement_ratio,中国宏观数据
无,,,输入参数,macro_china_consumer_goods_retail,其他宏观数据
无,,,输入参数,macro_china_society_electricity,中国宏观数据
无,,,输入参数,macro_china_society_traffic_volume,中国宏观数据
无,,,输入参数,macro_china_postal_telecommunicational,中国宏观数据
无,,,输入参数,macro_china_international_tourism_fx,中国宏观数据
无,,,输入参数,macro_china_passenger_load_factor,中国宏观数据
无,,,输入参数,macro_china_freight_index,中国宏观数据
无,,,输入参数,macro_china_central_bank_balance,中国宏观数据
无,,,输入参数,macro_china_insurance,中国宏观数据
无,,,输入参数,macro_china_supply_of_money,中国宏观数据
无,,,输入参数,macro_china_foreign_exchange_gold,中国宏观数据
无,,,输入参数,macro_china_retail_price_index,中国宏观数据
无,,,输入参数,macro_china_real_estate,中国宏观数据
无,,,输入参数,macro_china_fx_gold,中国宏观数据
无,,,输入参数,macro_china_money_supply,中国宏观数据
无,,,输入参数,macro_china_stock_market_cap,其他宏观数据
无,,,输入参数,macro_china_shibor_all,其他宏观数据
无,,,输入参数,macro_china_hk_market_info,其他宏观数据
无,,,输入参数,macro_china_daily_energy,中国宏观数据
无,,,输入参数,macro_china_rmb,中国宏观数据
无,,,输入参数,macro_china_market_margin_sz,其他宏观数据
无,,,输入参数,macro_china_market_margin_sh,其他宏观数据
无,,,输入参数,macro_china_au_report,其他宏观数据
无,,,输入参数,macro_stock_finance,其他宏观数据
无,,,输入参数,macro_rmb_loan,其他宏观数据
无,,,输入参数,macro_rmb_deposit,其他宏观数据
无,,,输入参数,macro_china_hk_cpi,中国宏观数据
无,,,输入参数,macro_china_hk_cpi_ratio,中国宏观数据
无,,,输入参数,macro_china_hk_rate_of_unemployment,中国宏观数据
无,,,输入参数,macro_china_hk_gbp,中国宏观数据
无,,,输入参数,macro_china_hk_gbp_ratio,中国宏观数据
无,,,输入参数,macro_china_hk_building_volume,中国宏观数据
无,,,输入参数,macro_china_hk_building_amount,中国宏观数据
无,,,输入参数,macro_china_hk_trade_diff_ratio,中国宏观数据
无,,,输入参数,macro_china_hk_ppi,中国宏观数据
无,,,输入参数,macro_usa_gdp_monthly,美国宏观数据
无,,,输入参数,macro_usa_cpi_monthly,美国宏观数据
无,,,输入参数,macro_usa_cpi_yoy,美国宏观数据
无,,,输入参数,macro_usa_core_cpi_monthly,美国宏观数据
无,,,输入参数,macro_usa_personal_spending,美国宏观数据
无,,,输入参数,macro_usa_retail_sales,美国宏观数据
无,,,输入参数,macro_usa_import_price,美国宏观数据
无,,,输入参数,macro_usa_export_price,美国宏观数据
无,,,输入参数,macro_usa_lmci,其他宏观数据
无,,,输入参数,macro_usa_unemployment_rate,美国宏观数据
无,,,输入参数,macro_usa_job_cuts,美国宏观数据
无,,,输入参数,macro_usa_non_farm,美国宏观数据
无,,,输入参数,macro_usa_adp_employment,美国宏观数据
无,,,输入参数,macro_usa_core_pce_price,美国宏观数据
无,,,输入参数,macro_usa_real_consumer_spending,美国宏观数据
无,,,输入参数,macro_usa_trade_balance,美国宏观数据
无,,,输入参数,macro_usa_current_account,美国宏观数据
无,,,输入参数,macro_usa_rig_count,其他宏观数据
无,,,输入参数,macro_usa_ppi,美国宏观数据
无,,,输入参数,macro_usa_core_ppi,美国宏观数据
无,,,输入参数,macro_usa_api_crude_stock,美国宏观数据
无,,,输入参数,macro_usa_pmi,美国宏观数据
无,,,输入参数,macro_usa_ism_pmi,美国宏观数据
无,,,输入参数,macro_usa_industrial_production,美国宏观数据
无,,,输入参数,macro_usa_durable_goods_orders,美国宏观数据
无,,,输入参数,macro_usa_factory_orders,美国宏观数据
无,,,输入参数,macro_usa_services_pmi,美国宏观数据
无,,,输入参数,macro_usa_business_inventories,美国宏观数据
无,,,输入参数,macro_usa_ism_non_pmi,美国宏观数据
无,,,输入参数,macro_usa_nahb_house_market_index,美国宏观数据
无,,,输入参数,macro_usa_house_starts,美国宏观数据
无,,,输入参数,macro_usa_new_home_sales,美国宏观数据
无,,,输入参数,macro_usa_building_permits,美国宏观数据
无,,,输入参数,macro_usa_exist_home_sales,美国宏观数据
无,,,输入参数,macro_usa_house_price_index,美国宏观数据
无,,,输入参数,macro_usa_spcs20,美国宏观数据
无,,,输入参数,macro_usa_pending_home_sales,美国宏观数据
无,,,输入参数,macro_usa_phs,美国宏观数据
无,,,输入参数,macro_usa_cb_consumer_confidence,美国宏观数据
无,,,输入参数,macro_usa_nfib_small_business,美国宏观数据
无,,,输入参数,macro_usa_michigan_consumer_sentiment,美国宏观数据
无,,,输入参数,macro_usa_eia_crude_rate,美国宏观数据
无,,,输入参数,macro_usa_initial_jobless,美国宏观数据
无,,,输入参数,macro_usa_crude_inner,美国宏观数据
无,,,输入参数,macro_euro_gdp_yoy,欧洲宏观数据
无,,,输入参数,macro_euro_cpi_mom,欧洲宏观数据
无,,,输入参数,macro_euro_cpi_yoy,欧洲宏观数据
无,,,输入参数,macro_euro_ppi_mom,欧洲宏观数据
无,,,输入参数,macro_euro_retail_sales_mom,欧洲宏观数据
无,,,输入参数,macro_euro_employment_change_qoq,欧洲宏观数据
无,,,输入参数,macro_euro_unemployment_rate_mom,欧洲宏观数据
无,,,输入参数,macro_euro_trade_balance,欧洲宏观数据
无,,,输入参数,macro_euro_current_account_mom,欧洲宏观数据
无,,,输入参数,macro_euro_industrial_production_mom,欧洲宏观数据
无,,,输入参数,macro_euro_manufacturing_pmi,欧洲宏观数据
无,,,输入参数,macro_euro_services_pmi,欧洲宏观数据
无,,,输入参数,macro_euro_zew_economic_sentiment,欧洲宏观数据
无,,,输入参数,macro_euro_sentix_investor_confidence,欧洲宏观数据
无,,,输入参数,macro_germany_ifo,其他宏观数据
无,,,输入参数,macro_germany_cpi_monthly,其他宏观数据
无,,,输入参数,macro_germany_cpi_yearly,其他宏观数据
无,,,输入参数,macro_germany_trade_adjusted,贸易数据
无,,,输入参数,macro_germany_gdp,GDP相关
无,,,输入参数,macro_germany_retail_sale_monthly,其他宏观数据
无,,,输入参数,macro_germany_retail_sale_yearly,其他宏观数据
无,,,输入参数,macro_germany_zew,其他宏观数据
无,,,输入参数,macro_swiss_svme,其他宏观数据
无,,,输入参数,macro_swiss_trade,贸易数据
无,,,输入参数,macro_swiss_cpi_yearly,其他宏观数据
无,,,输入参数,macro_swiss_gdp_quarterly,GDP相关
无,,,输入参数,macro_swiss_gbd_yearly,GDP相关
无,,,输入参数,macro_swiss_gbd_bank_rate,中国宏观数据
无,,,输入参数,macro_japan_bank_rate,中国宏观数据
无,,,输入参数,macro_japan_cpi_yearly,日本宏观数据
无,,,输入参数,macro_japan_core_cpi_yearly,日本宏观数据
无,,,输入参数,macro_japan_unemployment_rate,日本宏观数据
无,,,输入参数,macro_japan_head_indicator,日本宏观数据
无,,,输入参数,macro_uk_halifax_monthly,其他宏观数据
无,,,输入参数,macro_uk_halifax_yearly,其他宏观数据
无,,,输入参数,macro_uk_trade,贸易数据
无,,,输入参数,macro_uk_bank_rate,中国宏观数据
无,,,输入参数,macro_uk_core_cpi_yearly,其他宏观数据
无,,,输入参数,macro_uk_core_cpi_monthly,其他宏观数据
无,,,输入参数,macro_uk_cpi_yearly,其他宏观数据
无,,,输入参数,macro_uk_cpi_monthly,其他宏观数据
无,,,输入参数,macro_uk_retail_monthly,其他宏观数据
无,,,输入参数,macro_uk_retail_yearly,其他宏观数据
无,,,输入参数,macro_uk_rightmove_yearly,其他宏观数据
无,,,输入参数,macro_uk_rightmove_monthly,其他宏观数据
无,,,输入参数,macro_uk_gdp_quarterly,GDP相关
无,,,输入参数,macro_uk_gdp_yearly,GDP相关
无,,,输入参数,macro_uk_unemployment_rate,就业数据
无,,,输入参数,macro_australia_retail_rate_monthly,其他宏观数据
无,,,输入参数,macro_australia_trade,贸易数据
无,,,输入参数,macro_australia_unemployment_rate,就业数据
无,,,输入参数,macro_australia_ppi_quarterly,其他宏观数据
无,,,输入参数,macro_australia_cpi_quarterly,其他宏观数据
无,,,输入参数,macro_australia_cpi_yearly,其他宏观数据
无,,,输入参数,macro_australia_bank_rate,中国宏观数据
无,,,输入参数,macro_canada_new_house_rate,其他宏观数据
无,,,输入参数,macro_canada_unemployment_rate,就业数据
无,,,输入参数,macro_canada_trade,贸易数据
无,,,输入参数,macro_canada_retail_rate_monthly,其他宏观数据
无,,,输入参数,macro_canada_bank_rate,中国宏观数据
无,,,输入参数,macro_canada_core_cpi_yearly,其他宏观数据
无,,,输入参数,macro_canada_core_cpi_monthly,其他宏观数据
无,,,输入参数,macro_canada_cpi_yearly,其他宏观数据
无,,,输入参数,macro_canada_cpi_monthly,其他宏观数据
无,,,输入参数,macro_canada_gdp_monthly,GDP相关
无,,,输入参数,macro_cons_gold,其他宏观数据
无,,,输入参数,macro_cons_silver,其他宏观数据
无,,,输入参数,macro_cons_opec_month,其他宏观数据
无,,,输入参数,macro_euro_lme_holding,其他宏观数据
无,,,输入参数,macro_euro_lme_stock,其他宏观数据
无,,,输入参数,macro_usa_cftc_nc_holding,美国宏观数据
无,,,输入参数,macro_usa_cftc_c_holding,美国宏观数据
无,,,输入参数,macro_usa_cftc_merchant_currency_holding,美国宏观数据
无,,,输入参数,macro_usa_cftc_merchant_goods_holding,美国宏观数据
无,,,输入参数,macro_usa_cme_merchant_goods_holding,其他宏观数据
无线寻呼用户数,,float,输出参数,macro_china_postal_telecommunicational,中国宏观数据
无线寻呼用户数同比增长,,float,输出参数,macro_china_postal_telecommunicational,中国宏观数据
日期,,object,输出参数,macro_china_gdp_yearly,中国宏观数据
日期,,object,输出参数,macro_china_cpi_yearly,中国宏观数据
日期,,object,输出参数,macro_china_cpi_monthly,中国宏观数据
日期,,object,输出参数,macro_china_ppi_yearly,中国宏观数据
日期,,object,输出参数,macro_china_exports_yoy,中国宏观数据
日期,,object,输出参数,macro_china_imports_yoy,中国宏观数据
日期,,object,输出参数,macro_china_trade_balance,中国宏观数据
日期,,object,输出参数,macro_china_industrial_production_yoy,中国宏观数据
日期,,object,输出参数,macro_china_pmi_yearly,中国宏观数据
日期,,object,输出参数,macro_china_cx_pmi_yearly,中国宏观数据
日期,,object,输出参数,macro_china_cx_services_pmi_yearly,中国宏观数据
日期,,object,输出参数,macro_china_non_man_pmi,中国宏观数据
日期,,object,输出参数,macro_china_fx_reserves_yearly,中国宏观数据
日期,,object,输出参数,macro_china_m2_yearly,中国宏观数据
日期,,object,输出参数,macro_china_new_house_price,中国宏观数据
日期,,object,输出参数,macro_china_bank_financing,其他宏观数据
日期,,object,输出参数,macro_china_insurance_income,其他宏观数据
日期,,object,输出参数,macro_china_mobile_number,其他宏观数据
日期,,object,输出参数,macro_china_vegetable_basket,其他宏观数据
日期,,object,输出参数,macro_china_agricultural_product,其他宏观数据
日期,,object,输出参数,macro_china_agricultural_index,其他宏观数据
日期,,object,输出参数,macro_china_energy_index,其他宏观数据
日期,,object,输出参数,macro_china_commodity_price_index,其他宏观数据
日期,,object,输出参数,macro_global_sox_index,其他宏观数据
日期,,object,输出参数,macro_china_yw_electronic_index,其他宏观数据
日期,,object,输出参数,macro_china_construction_index,其他宏观数据
日期,,object,输出参数,macro_china_construction_price_index,其他宏观数据
日期,,object,输出参数,macro_china_lpi_index,其他宏观数据
日期,,object,输出参数,macro_china_bdti_index,其他宏观数据
日期,,object,输出参数,macro_china_bsi_index,其他宏观数据
日期,,object,输出参数,macro_shipping_bci,其他宏观数据
日期,,object,输出参数,macro_shipping_bdi,其他宏观数据
日期,,object,输出参数,macro_shipping_bpi,其他宏观数据
日期,,object,输出参数,macro_shipping_bcti,其他宏观数据
日期,,object,输出参数,macro_china_swap_rate,中国宏观数据
日期,,object,输出参数,macro_china_real_estate,中国宏观数据
日期,,object,输出参数,macro_china_shibor_all,其他宏观数据
日期,,object,输出参数,macro_china_hk_market_info,其他宏观数据
日期,,object,输出参数,macro_china_daily_energy,中国宏观数据
日期,,object,输出参数,macro_china_rmb,中国宏观数据
日期,,object,输出参数,macro_china_market_margin_sz,其他宏观数据
日期,,object,输出参数,macro_china_market_margin_sh,其他宏观数据
日期,,object,输出参数,macro_china_au_report,其他宏观数据
日期,,object,输出参数,macro_usa_gdp_monthly,美国宏观数据
日期,,object,输出参数,macro_usa_cpi_monthly,美国宏观数据
日期,,object,输出参数,macro_usa_core_cpi_monthly,美国宏观数据
日期,,object,输出参数,macro_usa_personal_spending,美国宏观数据
日期,,object,输出参数,macro_usa_retail_sales,美国宏观数据
日期,,object,输出参数,macro_usa_import_price,美国宏观数据
日期,,object,输出参数,macro_usa_export_price,美国宏观数据
日期,,object,输出参数,macro_usa_lmci,其他宏观数据
日期,,object,输出参数,macro_usa_unemployment_rate,美国宏观数据
日期,,object,输出参数,macro_usa_job_cuts,美国宏观数据
日期,,object,输出参数,macro_usa_non_farm,美国宏观数据
日期,,object,输出参数,macro_usa_adp_employment,美国宏观数据
日期,,object,输出参数,macro_usa_core_pce_price,美国宏观数据
日期,,object,输出参数,macro_usa_real_consumer_spending,美国宏观数据
日期,,object,输出参数,macro_usa_trade_balance,美国宏观数据
日期,,object,输出参数,macro_usa_current_account,美国宏观数据
日期,,object,输出参数,macro_usa_rig_count,其他宏观数据
日期,,object,输出参数,macro_usa_ppi,美国宏观数据
日期,,object,输出参数,macro_usa_core_ppi,美国宏观数据
日期,,object,输出参数,macro_usa_api_crude_stock,美国宏观数据
日期,,object,输出参数,macro_usa_pmi,美国宏观数据
日期,,object,输出参数,macro_usa_ism_pmi,美国宏观数据
日期,,object,输出参数,macro_usa_industrial_production,美国宏观数据
日期,,object,输出参数,macro_usa_durable_goods_orders,美国宏观数据
日期,,object,输出参数,macro_usa_factory_orders,美国宏观数据
日期,,object,输出参数,macro_usa_services_pmi,美国宏观数据
日期,,object,输出参数,macro_usa_business_inventories,美国宏观数据
日期,,object,输出参数,macro_usa_ism_non_pmi,美国宏观数据
日期,,object,输出参数,macro_usa_nahb_house_market_index,美国宏观数据
日期,,object,输出参数,macro_usa_house_starts,美国宏观数据
日期,,object,输出参数,macro_usa_new_home_sales,美国宏观数据
日期,,object,输出参数,macro_usa_building_permits,美国宏观数据
日期,,object,输出参数,macro_usa_exist_home_sales,美国宏观数据
日期,,object,输出参数,macro_usa_house_price_index,美国宏观数据
日期,,object,输出参数,macro_usa_spcs20,美国宏观数据
日期,,object,输出参数,macro_usa_pending_home_sales,美国宏观数据
日期,,object,输出参数,macro_usa_cb_consumer_confidence,美国宏观数据
日期,,object,输出参数,macro_usa_nfib_small_business,美国宏观数据
日期,,object,输出参数,macro_usa_michigan_consumer_sentiment,美国宏观数据
日期,,object,输出参数,macro_usa_eia_crude_rate,美国宏观数据
日期,,object,输出参数,macro_usa_initial_jobless,美国宏观数据
日期,,object,输出参数,macro_usa_crude_inner,美国宏观数据
日期,,object,输出参数,macro_euro_gdp_yoy,欧洲宏观数据
日期,,object,输出参数,macro_euro_cpi_mom,欧洲宏观数据
日期,,object,输出参数,macro_euro_cpi_yoy,欧洲宏观数据
日期,,object,输出参数,macro_euro_ppi_mom,欧洲宏观数据
日期,,object,输出参数,macro_euro_retail_sales_mom,欧洲宏观数据
日期,,object,输出参数,macro_euro_employment_change_qoq,欧洲宏观数据
日期,,object,输出参数,macro_euro_unemployment_rate_mom,欧洲宏观数据
日期,,object,输出参数,macro_euro_trade_balance,欧洲宏观数据
日期,,object,输出参数,macro_euro_current_account_mom,欧洲宏观数据
日期,,object,输出参数,macro_euro_industrial_production_mom,欧洲宏观数据
日期,,object,输出参数,macro_euro_manufacturing_pmi,欧洲宏观数据
日期,,object,输出参数,macro_euro_services_pmi,欧洲宏观数据
日期,,object,输出参数,macro_euro_zew_economic_sentiment,欧洲宏观数据
日期,,object,输出参数,macro_euro_sentix_investor_confidence,欧洲宏观数据
日期,,object,输出参数,macro_cons_gold,其他宏观数据
日期,,object,输出参数,macro_cons_silver,其他宏观数据
日期,,object,输出参数,macro_cons_opec_month,其他宏观数据
日期,,-,输出参数,macro_euro_lme_holding,其他宏观数据
日期,,-,输出参数,macro_euro_lme_stock,其他宏观数据
日期,,object,输出参数,macro_usa_cftc_nc_holding,美国宏观数据
日期,,object,输出参数,macro_usa_cftc_c_holding,美国宏观数据
日期,,object,输出参数,macro_usa_cftc_merchant_currency_holding,美国宏观数据
日期,,object,输出参数,macro_usa_cftc_merchant_goods_holding,美国宏观数据
日期,,object,输出参数,macro_usa_cme_merchant_goods_holding,其他宏观数据
日期,,object,输出参数,news_economic_baidu,其他宏观数据
日耗,,float64,输出参数,macro_china_daily_energy,中国宏观数据
时刻,,object,输出参数,macro_china_swap_rate,中国宏观数据
时间,,object,输出参数,macro_china_hk_cpi,中国宏观数据
时间,,object,输出参数,macro_china_hk_cpi_ratio,中国宏观数据
时间,,object,输出参数,macro_china_hk_rate_of_unemployment,中国宏观数据
时间,,object,输出参数,macro_china_hk_gbp,中国宏观数据
时间,,object,输出参数,macro_china_hk_gbp_ratio,中国宏观数据
时间,,object,输出参数,macro_china_hk_building_volume,中国宏观数据
时间,,object,输出参数,macro_china_hk_building_amount,中国宏观数据
时间,,object,输出参数,macro_china_hk_trade_diff_ratio,中国宏观数据
时间,,object,输出参数,macro_china_hk_ppi,中国宏观数据
时间,,object,输出参数,macro_usa_cpi_yoy,美国宏观数据
时间,,object,输出参数,macro_usa_phs,美国宏观数据
时间,,object,输出参数,macro_germany_ifo,其他宏观数据
时间,,object,输出参数,macro_germany_cpi_monthly,其他宏观数据
时间,,object,输出参数,macro_germany_cpi_yearly,其他宏观数据
时间,,object,输出参数,macro_germany_trade_adjusted,贸易数据
时间,,object,输出参数,macro_germany_gdp,GDP相关
时间,,object,输出参数,macro_germany_retail_sale_monthly,其他宏观数据
时间,,object,输出参数,macro_germany_retail_sale_yearly,其他宏观数据
时间,,object,输出参数,macro_germany_zew,其他宏观数据
时间,,object,输出参数,macro_swiss_svme,其他宏观数据
时间,,object,输出参数,macro_swiss_trade,贸易数据
时间,,object,输出参数,macro_swiss_cpi_yearly,其他宏观数据
时间,,object,输出参数,macro_swiss_gdp_quarterly,GDP相关
时间,,object,输出参数,macro_swiss_gbd_yearly,GDP相关
时间,,object,输出参数,macro_swiss_gbd_bank_rate,中国宏观数据
时间,,object,输出参数,macro_japan_bank_rate,中国宏观数据
时间,,object,输出参数,macro_japan_cpi_yearly,日本宏观数据
时间,,object,输出参数,macro_japan_core_cpi_yearly,日本宏观数据
时间,,object,输出参数,macro_japan_unemployment_rate,日本宏观数据
时间,,object,输出参数,macro_japan_head_indicator,日本宏观数据
时间,,object,输出参数,macro_uk_halifax_monthly,其他宏观数据
时间,,object,输出参数,macro_uk_halifax_yearly,其他宏观数据
时间,,object,输出参数,macro_uk_trade,贸易数据
时间,,object,输出参数,macro_uk_bank_rate,中国宏观数据
时间,,object,输出参数,macro_uk_core_cpi_yearly,其他宏观数据
时间,,object,输出参数,macro_uk_core_cpi_monthly,其他宏观数据
时间,,object,输出参数,macro_uk_cpi_yearly,其他宏观数据
时间,,object,输出参数,macro_uk_cpi_monthly,其他宏观数据
时间,,object,输出参数,macro_uk_retail_monthly,其他宏观数据
时间,,object,输出参数,macro_uk_retail_yearly,其他宏观数据
时间,,object,输出参数,macro_uk_rightmove_yearly,其他宏观数据
时间,,object,输出参数,macro_uk_rightmove_monthly,其他宏观数据
时间,,object,输出参数,macro_uk_gdp_quarterly,GDP相关
时间,,object,输出参数,macro_uk_gdp_yearly,GDP相关
时间,,object,输出参数,macro_uk_unemployment_rate,就业数据
时间,,object,输出参数,macro_australia_retail_rate_monthly,其他宏观数据
时间,,object,输出参数,macro_australia_trade,贸易数据
时间,,object,输出参数,macro_australia_unemployment_rate,就业数据
时间,,object,输出参数,macro_australia_ppi_quarterly,其他宏观数据
时间,,object,输出参数,macro_australia_cpi_quarterly,其他宏观数据
时间,,object,输出参数,macro_australia_cpi_yearly,其他宏观数据
时间,,object,输出参数,macro_australia_bank_rate,中国宏观数据
时间,,object,输出参数,macro_canada_new_house_rate,其他宏观数据
时间,,object,输出参数,macro_canada_unemployment_rate,就业数据
时间,,object,输出参数,macro_canada_trade,贸易数据
时间,,object,输出参数,macro_canada_retail_rate_monthly,其他宏观数据
时间,,object,输出参数,macro_canada_bank_rate,中国宏观数据
时间,,object,输出参数,macro_canada_core_cpi_yearly,其他宏观数据
时间,,object,输出参数,macro_canada_core_cpi_monthly,其他宏观数据
时间,,object,输出参数,macro_canada_cpi_yearly,其他宏观数据
时间,,object,输出参数,macro_canada_cpi_monthly,其他宏观数据
时间,,object,输出参数,macro_canada_gdp_monthly,GDP相关
时间,,object,输出参数,macro_info_ws,其他宏观数据
时间,,object,输出参数,news_economic_baidu,其他宏观数据
曲线名称,,object,输出参数,macro_china_swap_rate,中国宏观数据
最低价,,float64,输出参数,macro_china_au_report,其他宏观数据
最新值,,int64,输出参数,macro_china_bank_financing,其他宏观数据
最新值,,int64,输出参数,macro_china_insurance_income,其他宏观数据
最新值,,int64,输出参数,macro_china_mobile_number,其他宏观数据
最新值,,int64,输出参数,macro_china_vegetable_basket,其他宏观数据
最新值,,int64,输出参数,macro_china_agricultural_product,其他宏观数据
最新值,,int64,输出参数,macro_china_agricultural_index,其他宏观数据
最新值,,int64,输出参数,macro_china_energy_index,其他宏观数据
最新值,,int64,输出参数,macro_china_commodity_price_index,其他宏观数据
最新值,,int64,输出参数,macro_global_sox_index,其他宏观数据
最新值,,int64,输出参数,macro_china_yw_electronic_index,其他宏观数据
最新值,,int64,输出参数,macro_china_construction_index,其他宏观数据
最新值,,int64,输出参数,macro_china_construction_price_index,其他宏观数据
最新值,,int64,输出参数,macro_china_lpi_index,其他宏观数据
最新值,,int64,输出参数,macro_china_bdti_index,其他宏观数据
最新值,,int64,输出参数,macro_china_bsi_index,其他宏观数据
最新值,,int64,输出参数,macro_shipping_bci,其他宏观数据
最新值,,int64,输出参数,macro_shipping_bdi,其他宏观数据
最新值,,int64,输出参数,macro_shipping_bpi,其他宏观数据
最新值,,int64,输出参数,macro_shipping_bcti,其他宏观数据
最新值,,float64,输出参数,macro_china_real_estate,中国宏观数据
最高价,,float64,输出参数,macro_china_au_report,其他宏观数据
月份,,object,输出参数,macro_china_qyspjg,中国宏观数据
月份,,object,输出参数,macro_china_fdi,中国宏观数据
月份,,object,输出参数,macro_china_shrzgm,贸易数据
月份,,object,输出参数,macro_china_gyzjz,中国宏观数据
月份,,object,输出参数,macro_china_new_financial_credit,中国宏观数据
月份,,object,输出参数,macro_china_cpi,中国宏观数据
月份,,object,输出参数,macro_china_ppi,其他宏观数据
月份,,object,输出参数,macro_china_pmi,其他宏观数据
月份,,object,输出参数,macro_china_gdzctz,中国宏观数据
月份,,object,输出参数,macro_china_hgjck,中国宏观数据
月份,,object,输出参数,macro_china_czsr,中国宏观数据
月份,,object,输出参数,macro_china_whxd,其他宏观数据
月份,,object,输出参数,macro_china_wbck,其他宏观数据
月份,,object,输出参数,macro_china_xfzxx,其他宏观数据
月份,,object,输出参数,macro_china_consumer_goods_retail,其他宏观数据
月份,,object,输出参数,macro_china_fx_gold,中国宏观数据
月份,,object,输出参数,macro_china_money_supply,中国宏观数据
月份,,object,输出参数,macro_stock_finance,其他宏观数据
月份,,object,输出参数,macro_rmb_loan,其他宏观数据
月份,,object,输出参数,macro_rmb_deposit,其他宏观数据
本地电话期末用户数,,float,输出参数,macro_china_postal_telecommunicational,中国宏观数据
本地电话期末用户数同比增长,,float,输出参数,macro_china_postal_telecommunicational,中国宏观数据
欧佩克产量,,float64,输出参数,macro_cons_opec_month,其他宏观数据
欧元/人民币_中间价,_,float64,输出参数,macro_china_rmb,中国宏观数据
欧元/人民币_涨跌幅,_,float64,输出参数,macro_china_rmb,中国宏观数据
比重,,float64,输出参数,macro_china_international_tourism_fx,中国宏观数据
民航总周转量,,float64,输出参数,macro_china_society_traffic_volume,中国宏观数据
汇票,,float,输出参数,macro_china_postal_telecommunicational,中国宏观数据
汇票同比增长,,float,输出参数,macro_china_postal_telecommunicational,中国宏观数据
沙特,,float64,输出参数,macro_cons_opec_month,其他宏观数据
油轮运价指数原油运价指数BDTI,BDTI,float64,输出参数,macro_china_freight_index,中国宏观数据
油轮运价指数成品油运价指数BCTI,BCTI,float64,输出参数,macro_china_freight_index,中国宏观数据
沿海主要港口货物吞吐量,,float64,输出参数,macro_china_society_traffic_volume,中国宏观数据
沿海主要港口货物吞吐量同比增长,,float64,输出参数,macro_china_society_traffic_volume,中国宏观数据
沿海六大电库存,,float64,输出参数,macro_china_daily_energy,中国宏观数据
波罗的海好望角型船运价指数BCI,BCI,float64,输出参数,macro_china_freight_index,中国宏观数据
波罗的海综合运价指数BDI,BDI,float64,输出参数,macro_china_freight_index,中国宏观数据
波罗的海超级大灵便型船BSI指数,BSI,float64,输出参数,macro_china_freight_index,中国宏观数据
活期存款,,float64,输出参数,macro_china_central_bank_balance,中国宏观数据
活期存款,,float64,输出参数,macro_china_supply_of_money,中国宏观数据
活期存款同比增长,,float64,输出参数,macro_china_supply_of_money,中国宏观数据
流通中现金(M0),M0,float64,输出参数,macro_china_supply_of_money,中国宏观数据
流通中现金(M0)同比增长,M0,float64,输出参数,macro_china_supply_of_money,中国宏观数据
流通中的现金(M0)-同比增长,M0,float64,输出参数,macro_china_money_supply,中国宏观数据
流通中的现金(M0)-数量(亿元),M0,float64,输出参数,macro_china_money_supply,中国宏观数据
流通中的现金(M0)-环比增长,M0,float64,输出参数,macro_china_money_supply,中国宏观数据
消息公布次日指数涨跌-上证,,float64,输出参数,macro_china_reserve_requirement_ratio,中国宏观数据
消息公布次日指数涨跌-深证,,float64,输出参数,macro_china_reserve_requirement_ratio,中国宏观数据
消费者信心指数-同比增长,,float64,输出参数,macro_china_xfzxx,其他宏观数据
消费者信心指数-指数值,,float64,输出参数,macro_china_xfzxx,其他宏观数据
消费者信心指数-环比增长,,float64,输出参数,macro_china_xfzxx,其他宏观数据
消费者满意指数-同比增长,,float64,输出参数,macro_china_xfzxx,其他宏观数据
消费者满意指数-指数值,,float64,输出参数,macro_china_xfzxx,其他宏观数据
消费者满意指数-环比增长,,float64,输出参数,macro_china_xfzxx,其他宏观数据
消费者预期指数-同比增长,,float64,输出参数,macro_china_xfzxx,其他宏观数据
消费者预期指数-指数值,,float64,输出参数,macro_china_xfzxx,其他宏观数据
消费者预期指数-环比增长,,float64,输出参数,macro_china_xfzxx,其他宏观数据
涨跌,,float64,输出参数,macro_china_au_report,其他宏观数据
涨跌幅,,float64,输出参数,macro_china_bank_financing,其他宏观数据
涨跌幅,,float64,输出参数,macro_china_insurance_income,其他宏观数据
涨跌幅,,float64,输出参数,macro_china_mobile_number,其他宏观数据
涨跌幅,,float64,输出参数,macro_china_vegetable_basket,其他宏观数据
涨跌幅,,float64,输出参数,macro_china_agricultural_product,其他宏观数据
涨跌幅,,float64,输出参数,macro_china_agricultural_index,其他宏观数据
涨跌幅,,float64,输出参数,macro_china_energy_index,其他宏观数据
涨跌幅,,float64,输出参数,macro_china_commodity_price_index,其他宏观数据
涨跌幅,,float64,输出参数,macro_global_sox_index,其他宏观数据
涨跌幅,,float64,输出参数,macro_china_yw_electronic_index,其他宏观数据
涨跌幅,,float64,输出参数,macro_china_construction_index,其他宏观数据
涨跌幅,,float64,输出参数,macro_china_construction_price_index,其他宏观数据
涨跌幅,,float64,输出参数,macro_china_lpi_index,其他宏观数据
涨跌幅,,float64,输出参数,macro_china_bdti_index,其他宏观数据
涨跌幅,,float64,输出参数,macro_china_bsi_index,其他宏观数据
涨跌幅,,float64,输出参数,macro_shipping_bci,其他宏观数据
涨跌幅,,float64,输出参数,macro_shipping_bdi,其他宏观数据
涨跌幅,,float64,输出参数,macro_shipping_bpi,其他宏观数据
涨跌幅,,float64,输出参数,macro_shipping_bcti,其他宏观数据
涨跌幅,,float64,输出参数,macro_china_real_estate,中国宏观数据
涨跌幅,,float64,输出参数,macro_china_au_report,其他宏观数据
混合钻井_变化,_,float64,输出参数,macro_usa_rig_count,其他宏观数据
混合钻井_钻井数,_,float64,输出参数,macro_usa_rig_count,其他宏观数据
港元/人民币_中间价,_,float64,输出参数,macro_china_rmb,中国宏观数据
港元/人民币_涨跌幅,_,float64,输出参数,macro_china_rmb,中国宏观数据
澳元-净仓位,,float64,输出参数,macro_usa_cftc_nc_holding,美国宏观数据
澳元-净仓位,,float64,输出参数,macro_usa_cftc_merchant_currency_holding,美国宏观数据
澳元/人民币_中间价,_,float64,输出参数,macro_china_rmb,中国宏观数据
澳元/人民币_涨跌幅,_,float64,输出参数,macro_china_rmb,中国宏观数据
灵便型船综合运价指数BHMI,BHMI,float64,输出参数,macro_china_freight_index,中国宏观数据
煤油电-同比增长,,float64,输出参数,macro_china_qyspjg,中国宏观数据
煤油电-指数值,,float64,输出参数,macro_china_qyspjg,中国宏观数据
煤油电-环比增长,,float64,输出参数,macro_china_qyspjg,中国宏观数据
特快专递,,float,输出参数,macro_china_postal_telecommunicational,中国宏观数据
特快专递同比增长,,float,输出参数,macro_china_postal_telecommunicational,中国宏观数据
玉米-净仓位,,float64,输出参数,macro_usa_cftc_c_holding,美国宏观数据
玉米-净仓位,,float64,输出参数,macro_usa_cftc_merchant_goods_holding,美国宏观数据
环比增长,,float64,输出参数,macro_china_gdzctz,中国宏观数据
环比增长,,float64,输出参数,macro_china_whxd,其他宏观数据
环比增长,,float64,输出参数,macro_china_wbck,其他宏观数据
环比增长,,float64,输出参数,macro_china_consumer_goods_retail,其他宏观数据
现值,,float64,输出参数,macro_china_hk_cpi,中国宏观数据
现值,,float64,输出参数,macro_china_hk_cpi_ratio,中国宏观数据
现值,,float64,输出参数,macro_china_hk_rate_of_unemployment,中国宏观数据
现值,,float64,输出参数,macro_china_hk_gbp,中国宏观数据
现值,,float64,输出参数,macro_china_hk_gbp_ratio,中国宏观数据
现值,,float64,输出参数,macro_china_hk_building_volume,中国宏观数据
现值,,float64,输出参数,macro_china_hk_building_amount,中国宏观数据
现值,,float64,输出参数,macro_china_hk_trade_diff_ratio,中国宏观数据
现值,,float64,输出参数,macro_china_hk_ppi,中国宏观数据
现值,,float64,输出参数,macro_usa_cpi_yoy,美国宏观数据
现值,,float64,输出参数,macro_usa_phs,美国宏观数据
现值,,float64,输出参数,macro_germany_ifo,其他宏观数据
现值,,float64,输出参数,macro_germany_cpi_monthly,其他宏观数据
现值,,float64,输出参数,macro_germany_cpi_yearly,其他宏观数据
现值,,float64,输出参数,macro_germany_trade_adjusted,贸易数据
现值,,float64,输出参数,macro_germany_gdp,GDP相关
现值,,float64,输出参数,macro_germany_retail_sale_monthly,其他宏观数据
现值,,float64,输出参数,macro_germany_retail_sale_yearly,其他宏观数据
现值,,float64,输出参数,macro_germany_zew,其他宏观数据
现值,,float64,输出参数,macro_swiss_svme,其他宏观数据
现值,,float64,输出参数,macro_swiss_trade,贸易数据
现值,,float64,输出参数,macro_swiss_cpi_yearly,其他宏观数据
现值,,float64,输出参数,macro_swiss_gdp_quarterly,GDP相关
现值,,float64,输出参数,macro_swiss_gbd_yearly,GDP相关
现值,,float64,输出参数,macro_swiss_gbd_bank_rate,中国宏观数据
现值,,float64,输出参数,macro_japan_bank_rate,中国宏观数据
现值,,float64,输出参数,macro_japan_cpi_yearly,日本宏观数据
现值,,float64,输出参数,macro_japan_core_cpi_yearly,日本宏观数据
现值,,float64,输出参数,macro_japan_unemployment_rate,日本宏观数据
现值,,float64,输出参数,macro_japan_head_indicator,日本宏观数据
现值,,float64,输出参数,macro_uk_halifax_monthly,其他宏观数据
现值,,float64,输出参数,macro_uk_halifax_yearly,其他宏观数据
现值,,float64,输出参数,macro_uk_trade,贸易数据
现值,,float64,输出参数,macro_uk_bank_rate,中国宏观数据
现值,,float64,输出参数,macro_uk_core_cpi_yearly,其他宏观数据
现值,,float64,输出参数,macro_uk_core_cpi_monthly,其他宏观数据
现值,,float64,输出参数,macro_uk_cpi_yearly,其他宏观数据
现值,,float64,输出参数,macro_uk_cpi_monthly,其他宏观数据
现值,,float64,输出参数,macro_uk_retail_monthly,其他宏观数据
现值,,float64,输出参数,macro_uk_retail_yearly,其他宏观数据
现值,,float64,输出参数,macro_uk_rightmove_yearly,其他宏观数据
现值,,float64,输出参数,macro_uk_rightmove_monthly,其他宏观数据
现值,,float64,输出参数,macro_uk_gdp_quarterly,GDP相关
现值,,float64,输出参数,macro_uk_gdp_yearly,GDP相关
现值,,float64,输出参数,macro_uk_unemployment_rate,就业数据
现值,,float64,输出参数,macro_australia_retail_rate_monthly,其他宏观数据
现值,,float64,输出参数,macro_australia_trade,贸易数据
现值,,float64,输出参数,macro_australia_unemployment_rate,就业数据
现值,,float64,输出参数,macro_australia_ppi_quarterly,其他宏观数据
现值,,float64,输出参数,macro_australia_cpi_quarterly,其他宏观数据
现值,,float64,输出参数,macro_australia_cpi_yearly,其他宏观数据
现值,,float64,输出参数,macro_australia_bank_rate,中国宏观数据
现值,,float64,输出参数,macro_canada_new_house_rate,其他宏观数据
现值,,float64,输出参数,macro_canada_unemployment_rate,就业数据
现值,,float64,输出参数,macro_canada_trade,贸易数据
现值,,float64,输出参数,macro_canada_retail_rate_monthly,其他宏观数据
现值,,float64,输出参数,macro_canada_bank_rate,中国宏观数据
现值,,float64,输出参数,macro_canada_core_cpi_yearly,其他宏观数据
现值,,float64,输出参数,macro_canada_core_cpi_monthly,其他宏观数据
现值,,float64,输出参数,macro_canada_cpi_yearly,其他宏观数据
现值,,float64,输出参数,macro_canada_cpi_monthly,其他宏观数据
现值,,float64,输出参数,macro_canada_gdp_monthly,GDP相关
瑞郎/人民币_中间价,_,float64,输出参数,macro_china_rmb,中国宏观数据
瑞郎/人民币_涨跌幅,_,float64,输出参数,macro_china_rmb,中国宏观数据
生效时间,,object,输出参数,macro_china_reserve_requirement_ratio,中国宏观数据
电信业务总量,,float,输出参数,macro_china_postal_telecommunicational,中国宏观数据
电信业务总量同比增长,,float,输出参数,macro_china_postal_telecommunicational,中国宏观数据
省市地区,,object,输出参数,macro_china_insurance,中国宏观数据
矿产品-同比增长,,float64,输出参数,macro_china_qyspjg,中国宏观数据
矿产品-指数值,,float64,输出参数,macro_china_qyspjg,中国宏观数据
矿产品-环比增长,,float64,输出参数,macro_china_qyspjg,中国宏观数据
社会融资规模增量,,float64,输出参数,macro_china_shrzgm,贸易数据
科威特,,float64,输出参数,macro_cons_opec_month,其他宏观数据
移动电话用户数,,float,输出参数,macro_china_postal_telecommunicational,中国宏观数据
移动电话用户数同比增长,,float,输出参数,macro_china_postal_telecommunicational,中国宏观数据
税收收入合计,,float64,输出参数,macro_china_national_tax_receipts,中国宏观数据
第一产业-同比增长,,float64,输出参数,macro_china_gdp,中国宏观数据
第一产业-绝对值,,float64,输出参数,macro_china_gdp,中国宏观数据
第一产业用电量,,float64,输出参数,macro_china_society_electricity,中国宏观数据
第一产业用电量同比,,float64,输出参数,macro_china_society_electricity,中国宏观数据
第三产业-同比增长,,float64,输出参数,macro_china_gdp,中国宏观数据
第三产业-绝对值,,float64,输出参数,macro_china_gdp,中国宏观数据
第三产业用电量,,float64,输出参数,macro_china_society_electricity,中国宏观数据
第三产业用电量同比,,float64,输出参数,macro_china_society_electricity,中国宏观数据
第二产业-同比增长,,float64,输出参数,macro_china_gdp,中国宏观数据
第二产业-绝对值,,float64,输出参数,macro_china_gdp,中国宏观数据
第二产业用电量,,float64,输出参数,macro_china_society_electricity,中国宏观数据
第二产业用电量同比,,float64,输出参数,macro_china_society_electricity,中国宏观数据
累计,,float64,输出参数,macro_china_fdi,中国宏观数据
累计,,float64,输出参数,macro_china_new_financial_credit,中国宏观数据
累计,,float64,输出参数,macro_china_ppi,其他宏观数据
累计,,float64,输出参数,macro_china_czsr,中国宏观数据
累计,,float64,输出参数,macro_china_whxd,其他宏观数据
累计,,float64,输出参数,macro_china_wbck,其他宏观数据
累计,,float64,输出参数,macro_china_consumer_goods_retail,其他宏观数据
累计-同比增长,,float64,输出参数,macro_china_fdi,中国宏观数据
累计-同比增长,,float64,输出参数,macro_china_new_financial_credit,中国宏观数据
累计-同比增长,,float64,输出参数,macro_china_czsr,中国宏观数据
累计-同比增长,,float64,输出参数,macro_china_consumer_goods_retail,其他宏观数据
累计人民币贷款-同比,,object,输出参数,macro_rmb_loan,其他宏观数据
累计人民币贷款-总额,,float64,输出参数,macro_rmb_loan,其他宏观数据
累计出口额-同比增长,,float64,输出参数,macro_china_hgjck,中国宏观数据
累计出口额-金额,,float64,输出参数,macro_china_hgjck,中国宏观数据
累计增长,,float64,输出参数,macro_china_gyzjz,中国宏观数据
累计进口额-同比增长,,float64,输出参数,macro_china_hgjck,中国宏观数据
累计进口额-金额,,float64,输出参数,macro_china_hgjck,中国宏观数据
纽约原油-多头仓位,,float64,输出参数,macro_usa_cftc_c_holding,美国宏观数据
纽约原油-多头仓位,,float64,输出参数,macro_usa_cftc_merchant_goods_holding,美国宏观数据
统计对象,,object,输出参数,macro_china_society_traffic_volume,中国宏观数据
统计年度,,object,输出参数,macro_china_international_tourism_fx,中国宏观数据
统计年度,,object,输出参数,macro_china_passenger_load_factor,中国宏观数据
统计时间,,object,输出参数,macro_china_society_electricity,中国宏观数据
统计时间,,object,输出参数,macro_china_society_traffic_volume,中国宏观数据
统计时间,,str,输出参数,macro_china_postal_telecommunicational,中国宏观数据
统计时间,,object,输出参数,macro_china_central_bank_balance,中国宏观数据
统计时间,,object,输出参数,macro_china_insurance,中国宏观数据
统计时间,,object,输出参数,macro_china_supply_of_money,中国宏观数据
统计时间,,object,输出参数,macro_china_foreign_exchange_gold,中国宏观数据
统计月份,,object,输出参数,macro_china_retail_price_index,中国宏观数据
美元-多头仓位,,float64,输出参数,macro_usa_cftc_nc_holding,美国宏观数据
美元-多头仓位,,float64,输出参数,macro_usa_cftc_merchant_currency_holding,美国宏观数据
美元/人民币_中间价,_,float64,输出参数,macro_china_rmb,中国宏观数据
美元/人民币_涨跌幅,_,float64,输出参数,macro_china_rmb,中国宏观数据
美国国内原油总量-产量,,float64,输出参数,macro_usa_crude_inner,美国宏观数据
美国国内原油总量-变化,,float64,输出参数,macro_usa_crude_inner,美国宏观数据
美国天然气钻井_变化,_,float64,输出参数,macro_usa_rig_count,其他宏观数据
美国天然气钻井_钻井数,_,float64,输出参数,macro_usa_rig_count,其他宏观数据
美国本土48州原油产量-产量,,float64,输出参数,macro_usa_crude_inner,美国宏观数据
美国本土48州原油产量-变化,,float64,输出参数,macro_usa_crude_inner,美国宏观数据
美国石油钻井_变化,_,float64,输出参数,macro_usa_rig_count,其他宏观数据
美国石油钻井_钻井数,_,float64,输出参数,macro_usa_rig_count,其他宏观数据
美国阿拉斯加州原油产量-产量,,float64,输出参数,macro_usa_crude_inner,美国宏观数据
美国阿拉斯加州原油产量-变化,,float64,输出参数,macro_usa_crude_inner,美国宏观数据
自年初累计,,float64,输出参数,macro_china_gdzctz,中国宏观数据
自有资金,,float64,输出参数,macro_china_central_bank_balance,中国宏观数据
英镑/人民币_中间价,_,float64,输出参数,macro_china_rmb,中国宏观数据
英镑/人民币_涨跌幅,_,float64,输出参数,macro_china_rmb,中国宏观数据
融券余量,,float64,输出参数,macro_china_market_margin_sz,其他宏观数据
融券余量,,int64,输出参数,macro_china_market_margin_sh,其他宏观数据
融券余额,,float64,输出参数,macro_china_market_margin_sz,其他宏观数据
融券余额,,int64,输出参数,macro_china_market_margin_sh,其他宏观数据
融券卖出量,,float64,输出参数,macro_china_market_margin_sz,其他宏观数据
融券卖出量,,int64,输出参数,macro_china_market_margin_sh,其他宏观数据
融资买入额,,float64,输出参数,macro_china_market_margin_sz,其他宏观数据
融资买入额,,int64,输出参数,macro_china_market_margin_sh,其他宏观数据
融资余额,,float64,输出参数,macro_china_market_margin_sz,其他宏观数据
融资余额,,int64,输出参数,macro_china_market_margin_sh,其他宏观数据
融资融券余额,,float64,输出参数,macro_china_market_margin_sz,其他宏观数据
融资融券余额,,int64,输出参数,macro_china_market_margin_sh,其他宏观数据
计划发行量,,float64,输出参数,macro_china_bond_public,中国宏观数据
计息方式,,object,输出参数,macro_china_bond_public,中国宏观数据
订销报纸累计数,,float,输出参数,macro_china_postal_telecommunicational,中国宏观数据
订销报纸累计数同比增长,,float,输出参数,macro_china_postal_telecommunicational,中国宏观数据
订销杂志累计数,,float,输出参数,macro_china_postal_telecommunicational,中国宏观数据
订销杂志累计数同比增长,,float,输出参数,macro_china_postal_telecommunicational,中国宏观数据
财产险保费收入,,float64,输出参数,macro_china_insurance,中国宏观数据
财产险保费赔付支出,,float64,输出参数,macro_china_insurance,中国宏观数据
货币(M1)-同比增长,M1,float64,输出参数,macro_china_money_supply,中国宏观数据
货币(M1)-数量(亿元),M1,float64,输出参数,macro_china_money_supply,中国宏观数据
货币(M1)-环比增长,M1,float64,输出参数,macro_china_money_supply,中国宏观数据
货币(狭义货币M1),M1,float64,输出参数,macro_china_supply_of_money,中国宏观数据
货币(狭义货币M1)同比增长,M1,float64,输出参数,macro_china_supply_of_money,中国宏观数据
货币和准货币(M2)-同比增长,M2,float64,输出参数,macro_china_money_supply,中国宏观数据
货币和准货币(M2)-数量(亿元),M2,float64,输出参数,macro_china_money_supply,中国宏观数据
货币和准货币(M2)-环比增长,M2,float64,输出参数,macro_china_money_supply,中国宏观数据
货币和准货币（广义货币M2）,M2,float64,输出参数,macro_china_supply_of_money,中国宏观数据
货币和准货币（广义货币M2）同比增长,M2,float64,输出参数,macro_china_supply_of_money,中国宏观数据
货币黄金,,float64,输出参数,macro_china_central_bank_balance,中国宏观数据
货物周转量,,float64,输出参数,macro_china_society_traffic_volume,中国宏观数据
货运量,,float64,输出参数,macro_china_society_traffic_volume,中国宏观数据
货运量同比增长,,float64,输出参数,macro_china_society_traffic_volume,中国宏观数据
资产总额,,float64,输出参数,macro_china_insurance,中国宏观数据
载运率,,float64,输出参数,macro_china_passenger_load_factor,中国宏观数据
较上年同期,,float64,输出参数,macro_china_national_tax_receipts,中国宏观数据
近1年涨跌幅,,float64,输出参数,macro_china_bank_financing,其他宏观数据
近1年涨跌幅,,float64,输出参数,macro_china_insurance_income,其他宏观数据
近1年涨跌幅,,float64,输出参数,macro_china_mobile_number,其他宏观数据
近1年涨跌幅,,float64,输出参数,macro_china_vegetable_basket,其他宏观数据
近1年涨跌幅,,float64,输出参数,macro_china_agricultural_product,其他宏观数据
近1年涨跌幅,,float64,输出参数,macro_china_agricultural_index,其他宏观数据
近1年涨跌幅,,float64,输出参数,macro_china_energy_index,其他宏观数据
近1年涨跌幅,,float64,输出参数,macro_china_commodity_price_index,其他宏观数据
近1年涨跌幅,,float64,输出参数,macro_global_sox_index,其他宏观数据
近1年涨跌幅,,float64,输出参数,macro_china_yw_electronic_index,其他宏观数据
近1年涨跌幅,,float64,输出参数,macro_china_construction_index,其他宏观数据
近1年涨跌幅,,float64,输出参数,macro_china_construction_price_index,其他宏观数据
近1年涨跌幅,,float64,输出参数,macro_china_lpi_index,其他宏观数据
近1年涨跌幅,,float64,输出参数,macro_china_bdti_index,其他宏观数据
近1年涨跌幅,,float64,输出参数,macro_china_bsi_index,其他宏观数据
近1年涨跌幅,,float64,输出参数,macro_shipping_bci,其他宏观数据
近1年涨跌幅,,float64,输出参数,macro_shipping_bdi,其他宏观数据
近1年涨跌幅,,float64,输出参数,macro_shipping_bpi,其他宏观数据
近1年涨跌幅,,float64,输出参数,macro_shipping_bcti,其他宏观数据
近1年涨跌幅,,float64,输出参数,macro_china_real_estate,中国宏观数据
近2年涨跌幅,,float64,输出参数,macro_china_bank_financing,其他宏观数据
近2年涨跌幅,,float64,输出参数,macro_china_insurance_income,其他宏观数据
近2年涨跌幅,,float64,输出参数,macro_china_mobile_number,其他宏观数据
近2年涨跌幅,,float64,输出参数,macro_china_vegetable_basket,其他宏观数据
近2年涨跌幅,,float64,输出参数,macro_china_agricultural_product,其他宏观数据
近2年涨跌幅,,float64,输出参数,macro_china_agricultural_index,其他宏观数据
近2年涨跌幅,,float64,输出参数,macro_china_energy_index,其他宏观数据
近2年涨跌幅,,float64,输出参数,macro_china_commodity_price_index,其他宏观数据
近2年涨跌幅,,float64,输出参数,macro_global_sox_index,其他宏观数据
近2年涨跌幅,,float64,输出参数,macro_china_yw_electronic_index,其他宏观数据
近2年涨跌幅,,float64,输出参数,macro_china_construction_index,其他宏观数据
近2年涨跌幅,,float64,输出参数,macro_china_construction_price_index,其他宏观数据
近2年涨跌幅,,float64,输出参数,macro_china_lpi_index,其他宏观数据
近2年涨跌幅,,float64,输出参数,macro_china_bdti_index,其他宏观数据
近2年涨跌幅,,float64,输出参数,macro_china_bsi_index,其他宏观数据
近2年涨跌幅,,float64,输出参数,macro_shipping_bci,其他宏观数据
近2年涨跌幅,,float64,输出参数,macro_shipping_bdi,其他宏观数据
近2年涨跌幅,,float64,输出参数,macro_shipping_bpi,其他宏观数据
近2年涨跌幅,,float64,输出参数,macro_shipping_bcti,其他宏观数据
近2年涨跌幅,,float64,输出参数,macro_china_real_estate,中国宏观数据
近3年涨跌幅,,float64,输出参数,macro_china_bank_financing,其他宏观数据
近3年涨跌幅,,float64,输出参数,macro_china_insurance_income,其他宏观数据
近3年涨跌幅,,float64,输出参数,macro_china_mobile_number,其他宏观数据
近3年涨跌幅,,float64,输出参数,macro_china_vegetable_basket,其他宏观数据
近3年涨跌幅,,float64,输出参数,macro_china_agricultural_product,其他宏观数据
近3年涨跌幅,,float64,输出参数,macro_china_agricultural_index,其他宏观数据
近3年涨跌幅,,float64,输出参数,macro_china_energy_index,其他宏观数据
近3年涨跌幅,,float64,输出参数,macro_china_commodity_price_index,其他宏观数据
近3年涨跌幅,,float64,输出参数,macro_global_sox_index,其他宏观数据
近3年涨跌幅,,float64,输出参数,macro_china_yw_electronic_index,其他宏观数据
近3年涨跌幅,,float64,输出参数,macro_china_construction_index,其他宏观数据
近3年涨跌幅,,float64,输出参数,macro_china_construction_price_index,其他宏观数据
近3年涨跌幅,,float64,输出参数,macro_china_lpi_index,其他宏观数据
近3年涨跌幅,,float64,输出参数,macro_china_bdti_index,其他宏观数据
近3年涨跌幅,,float64,输出参数,macro_china_bsi_index,其他宏观数据
近3年涨跌幅,,float64,输出参数,macro_shipping_bci,其他宏观数据
近3年涨跌幅,,float64,输出参数,macro_shipping_bdi,其他宏观数据
近3年涨跌幅,,float64,输出参数,macro_shipping_bpi,其他宏观数据
近3年涨跌幅,,float64,输出参数,macro_shipping_bcti,其他宏观数据
近3年涨跌幅,,float64,输出参数,macro_china_real_estate,中国宏观数据
近3月涨跌幅,,float64,输出参数,macro_china_bank_financing,其他宏观数据
近3月涨跌幅,,float64,输出参数,macro_china_insurance_income,其他宏观数据
近3月涨跌幅,,float64,输出参数,macro_china_mobile_number,其他宏观数据
近3月涨跌幅,,float64,输出参数,macro_china_vegetable_basket,其他宏观数据
近3月涨跌幅,,float64,输出参数,macro_china_agricultural_product,其他宏观数据
近3月涨跌幅,,float64,输出参数,macro_china_agricultural_index,其他宏观数据
近3月涨跌幅,,float64,输出参数,macro_china_energy_index,其他宏观数据
近3月涨跌幅,,float64,输出参数,macro_china_commodity_price_index,其他宏观数据
近3月涨跌幅,,float64,输出参数,macro_global_sox_index,其他宏观数据
近3月涨跌幅,,float64,输出参数,macro_china_yw_electronic_index,其他宏观数据
近3月涨跌幅,,float64,输出参数,macro_china_construction_index,其他宏观数据
近3月涨跌幅,,float64,输出参数,macro_china_construction_price_index,其他宏观数据
近3月涨跌幅,,float64,输出参数,macro_china_lpi_index,其他宏观数据
近3月涨跌幅,,float64,输出参数,macro_china_bdti_index,其他宏观数据
近3月涨跌幅,,float64,输出参数,macro_china_bsi_index,其他宏观数据
近3月涨跌幅,,float64,输出参数,macro_shipping_bci,其他宏观数据
近3月涨跌幅,,float64,输出参数,macro_shipping_bdi,其他宏观数据
近3月涨跌幅,,float64,输出参数,macro_shipping_bpi,其他宏观数据
近3月涨跌幅,,float64,输出参数,macro_shipping_bcti,其他宏观数据
近3月涨跌幅,,float64,输出参数,macro_china_real_estate,中国宏观数据
近6月涨跌幅,,float64,输出参数,macro_china_bank_financing,其他宏观数据
近6月涨跌幅,,float64,输出参数,macro_china_insurance_income,其他宏观数据
近6月涨跌幅,,float64,输出参数,macro_china_mobile_number,其他宏观数据
近6月涨跌幅,,float64,输出参数,macro_china_vegetable_basket,其他宏观数据
近6月涨跌幅,,float64,输出参数,macro_china_agricultural_product,其他宏观数据
近6月涨跌幅,,float64,输出参数,macro_china_agricultural_index,其他宏观数据
近6月涨跌幅,,float64,输出参数,macro_china_energy_index,其他宏观数据
近6月涨跌幅,,float64,输出参数,macro_china_commodity_price_index,其他宏观数据
近6月涨跌幅,,float64,输出参数,macro_global_sox_index,其他宏观数据
近6月涨跌幅,,float64,输出参数,macro_china_yw_electronic_index,其他宏观数据
近6月涨跌幅,,float64,输出参数,macro_china_construction_index,其他宏观数据
近6月涨跌幅,,float64,输出参数,macro_china_construction_price_index,其他宏观数据
近6月涨跌幅,,float64,输出参数,macro_china_lpi_index,其他宏观数据
近6月涨跌幅,,float64,输出参数,macro_china_bdti_index,其他宏观数据
近6月涨跌幅,,float64,输出参数,macro_china_bsi_index,其他宏观数据
近6月涨跌幅,,float64,输出参数,macro_shipping_bci,其他宏观数据
近6月涨跌幅,,float64,输出参数,macro_shipping_bdi,其他宏观数据
近6月涨跌幅,,float64,输出参数,macro_shipping_bpi,其他宏观数据
近6月涨跌幅,,float64,输出参数,macro_shipping_bcti,其他宏观数据
近6月涨跌幅,,float64,输出参数,macro_china_real_estate,中国宏观数据
邮政业务总量,,float,输出参数,macro_china_postal_telecommunicational,中国宏观数据
邮政业务总量同比增长,,float,输出参数,macro_china_postal_telecommunicational,中国宏观数据
邮政储蓄期末余额,,float,输出参数,macro_china_postal_telecommunicational,中国宏观数据
邮政储蓄期末余额同比增长,,float,输出参数,macro_china_postal_telecommunicational,中国宏观数据
邮电业务总量,,float,输出参数,macro_china_postal_telecommunicational,中国宏观数据
邮电业务总量同比增长,,float,输出参数,macro_china_postal_telecommunicational,中国宏观数据
配股募集资金,,float64,输出参数,macro_stock_finance,其他宏观数据
重要性,,int64,输出参数,macro_info_ws,其他宏观数据
重要性,,float64,输出参数,news_economic_baidu,其他宏观数据
金融性公司存款,,float64,输出参数,macro_china_central_bank_balance,中国宏观数据
金融部门负债方,,float64,输出参数,macro_cnbs,中国宏观数据
金融部门资产方,,float64,输出参数,macro_cnbs,中国宏观数据
钟长途电话通话时长同比增长,,float,输出参数,macro_china_postal_telecommunicational,中国宏观数据
钻井总数_变化,_,float64,输出参数,macro_usa_rig_count,其他宏观数据
钻井总数_钻井数,_,float64,输出参数,macro_usa_rig_count,其他宏观数据
铜-多头仓位,,-,输出参数,macro_euro_lme_holding,其他宏观数据
铜-库存,,-,输出参数,macro_euro_lme_stock,其他宏观数据
铝-净仓位,,-,输出参数,macro_euro_lme_holding,其他宏观数据
银行存款,,float64,输出参数,macro_china_insurance,中国宏观数据
链接,,object,输出参数,macro_info_ws,其他宏观数据
镍-注销仓单,,-,输出参数,macro_euro_lme_stock,其他宏观数据
长途电话通话时长,,float,输出参数,macro_china_postal_telecommunicational,中国宏观数据
阿尔及利亚,,float64,输出参数,macro_cons_opec_month,其他宏观数据
阿联酋,,float64,输出参数,macro_cons_opec_month,其他宏观数据
集邮业务,,float,输出参数,macro_china_postal_telecommunicational,中国宏观数据
集邮业务同比增长,,float,输出参数,macro_china_postal_telecommunicational,中国宏观数据
零售商品价格指数,,float64,输出参数,macro_china_retail_price_index,中国宏观数据
非制造业-同比增长,,float64,输出参数,macro_china_pmi,其他宏观数据
非制造业-指数,,float64,输出参数,macro_china_pmi,其他宏观数据
非金融企业部门,,float64,输出参数,macro_cnbs,中国宏观数据
非金融性公司存款,,float64,输出参数,macro_china_central_bank_balance,中国宏观数据
预期,,float64,输出参数,macro_info_ws,其他宏观数据
预期,,float64,输出参数,news_economic_baidu,其他宏观数据
预测值,,float64,输出参数,macro_china_gdp_yearly,中国宏观数据
预测值,,float64,输出参数,macro_china_cpi_yearly,中国宏观数据
预测值,,float64,输出参数,macro_china_cpi_monthly,中国宏观数据
预测值,,float64,输出参数,macro_china_ppi_yearly,中国宏观数据
预测值,,float64,输出参数,macro_china_exports_yoy,中国宏观数据
预测值,,float64,输出参数,macro_china_imports_yoy,中国宏观数据
预测值,,float64,输出参数,macro_china_trade_balance,中国宏观数据
预测值,,float64,输出参数,macro_china_industrial_production_yoy,中国宏观数据
预测值,,float64,输出参数,macro_china_pmi_yearly,中国宏观数据
预测值,,float64,输出参数,macro_china_cx_pmi_yearly,中国宏观数据
预测值,,float64,输出参数,macro_china_cx_services_pmi_yearly,中国宏观数据
预测值,,float64,输出参数,macro_china_non_man_pmi,中国宏观数据
预测值,,float64,输出参数,macro_china_fx_reserves_yearly,中国宏观数据
预测值,,float64,输出参数,macro_china_m2_yearly,中国宏观数据
预测值,,float64,输出参数,macro_usa_gdp_monthly,美国宏观数据
预测值,,float64,输出参数,macro_usa_cpi_monthly,美国宏观数据
预测值,,float64,输出参数,macro_usa_core_cpi_monthly,美国宏观数据
预测值,,float64,输出参数,macro_usa_personal_spending,美国宏观数据
预测值,,float64,输出参数,macro_usa_retail_sales,美国宏观数据
预测值,,float64,输出参数,macro_usa_import_price,美国宏观数据
预测值,,float64,输出参数,macro_usa_export_price,美国宏观数据
预测值,,float64,输出参数,macro_usa_lmci,其他宏观数据
预测值,,float64,输出参数,macro_usa_unemployment_rate,美国宏观数据
预测值,,float64,输出参数,macro_usa_job_cuts,美国宏观数据
预测值,,float64,输出参数,macro_usa_non_farm,美国宏观数据
预测值,,float64,输出参数,macro_usa_adp_employment,美国宏观数据
预测值,,float64,输出参数,macro_usa_core_pce_price,美国宏观数据
预测值,,float64,输出参数,macro_usa_real_consumer_spending,美国宏观数据
预测值,,float64,输出参数,macro_usa_trade_balance,美国宏观数据
预测值,,float64,输出参数,macro_usa_current_account,美国宏观数据
预测值,,float64,输出参数,macro_usa_ppi,美国宏观数据
预测值,,float64,输出参数,macro_usa_core_ppi,美国宏观数据
预测值,,float64,输出参数,macro_usa_api_crude_stock,美国宏观数据
预测值,,float64,输出参数,macro_usa_pmi,美国宏观数据
预测值,,float64,输出参数,macro_usa_ism_pmi,美国宏观数据
预测值,,float64,输出参数,macro_usa_industrial_production,美国宏观数据
预测值,,float64,输出参数,macro_usa_durable_goods_orders,美国宏观数据
预测值,,float64,输出参数,macro_usa_factory_orders,美国宏观数据
预测值,,float64,输出参数,macro_usa_services_pmi,美国宏观数据
预测值,,float64,输出参数,macro_usa_business_inventories,美国宏观数据
预测值,,float64,输出参数,macro_usa_ism_non_pmi,美国宏观数据
预测值,,float64,输出参数,macro_usa_nahb_house_market_index,美国宏观数据
预测值,,float64,输出参数,macro_usa_house_starts,美国宏观数据
预测值,,float64,输出参数,macro_usa_new_home_sales,美国宏观数据
预测值,,float64,输出参数,macro_usa_building_permits,美国宏观数据
预测值,,float64,输出参数,macro_usa_exist_home_sales,美国宏观数据
预测值,,float64,输出参数,macro_usa_house_price_index,美国宏观数据
预测值,,float64,输出参数,macro_usa_spcs20,美国宏观数据
预测值,,float64,输出参数,macro_usa_pending_home_sales,美国宏观数据
预测值,,float64,输出参数,macro_usa_cb_consumer_confidence,美国宏观数据
预测值,,float64,输出参数,macro_usa_nfib_small_business,美国宏观数据
预测值,,float64,输出参数,macro_usa_michigan_consumer_sentiment,美国宏观数据
预测值,,float64,输出参数,macro_usa_eia_crude_rate,美国宏观数据
预测值,,float64,输出参数,macro_usa_initial_jobless,美国宏观数据
预测值,,float64,输出参数,macro_euro_gdp_yoy,欧洲宏观数据
预测值,,float64,输出参数,macro_euro_cpi_mom,欧洲宏观数据
预测值,,float64,输出参数,macro_euro_cpi_yoy,欧洲宏观数据
预测值,,float64,输出参数,macro_euro_ppi_mom,欧洲宏观数据
预测值,,float64,输出参数,macro_euro_retail_sales_mom,欧洲宏观数据
预测值,,float64,输出参数,macro_euro_employment_change_qoq,欧洲宏观数据
预测值,,float64,输出参数,macro_euro_unemployment_rate_mom,欧洲宏观数据
预测值,,float64,输出参数,macro_euro_trade_balance,欧洲宏观数据
预测值,,float64,输出参数,macro_euro_current_account_mom,欧洲宏观数据
预测值,,float64,输出参数,macro_euro_industrial_production_mom,欧洲宏观数据
预测值,,float64,输出参数,macro_euro_manufacturing_pmi,欧洲宏观数据
预测值,,float64,输出参数,macro_euro_services_pmi,欧洲宏观数据
预测值,,float64,输出参数,macro_euro_zew_economic_sentiment,欧洲宏观数据
预测值,,float64,输出参数,macro_euro_sentix_investor_confidence,欧洲宏观数据
首发募集资金,,float64,输出参数,macro_stock_finance,其他宏观数据
黄金储备,,float64,输出参数,macro_china_foreign_exchange_gold,中国宏观数据
黄金储备-同比,,float64,输出参数,macro_china_fx_gold,中国宏观数据
黄金储备-数值,,float64,输出参数,macro_china_fx_gold,中国宏观数据
黄金储备-环比,,float64,输出参数,macro_china_fx_gold,中国宏观数据
